number,position,Q1,Q2,Q3,driverId,driverNumber,driverCode,driverUrl,givenName,familyName,dateOfBirth,driverNationality,constructorId,constructorUrl,constructorName,constructorNationality,season,round
4,1,0 days 00:01:15.912000,0 days 00:01:15.415000,0 days 00:01:15.096000,norris,4,NOR,http://en.wikipedia.org/wiki/Lando_Norris,Lando,Norris,1999-11-13,British,mclaren,http://en.wikipedia.org/wiki/McLaren,McLaren,British,2025,1
81,2,0 days 00:01:16.062000,0 days 00:01:15.468000,0 days 00:01:15.180000,piastri,81,PIA,http://en.wikipedia.org/wiki/Oscar_Piastri,Oscar,Piastri,2001-04-06,Australian,mclaren,http://en.wikipedia.org/wiki/McLaren,McLaren,British,2025,1
1,3,0 days 00:01:16.018000,0 days 00:01:15.565000,0 days 00:01:15.481000,max_verstappen,33,VER,http://en.wikipedia.org/wiki/Max_Verstappen,Max,Verstappen,1997-09-30,Dutch,red_bull,http://en.wikipedia.org/wiki/Red_Bull_Racing,Red Bull,Austrian,2025,1
63,4,0 days 00:01:15.971000,0 days 00:01:15.798000,0 days 00:01:15.546000,russell,63,RUS,http://en.wikipedia.org/wiki/George_Russell_(racing_driver),George,Russell,1998-02-15,British,mercedes,http://en.wikipedia.org/wiki/Mercedes-Benz_in_Formula_One,Mercedes,German,2025,1
22,5,0 days 00:01:16.225000,0 days 00:01:16.009000,0 days 00:01:15.670000,tsunoda,22,TSU,http://en.wikipedia.org/wiki/Yuki_Tsunoda,Yuki,Tsunoda,2000-05-11,Japanese,rb,http://en.wikipedia.org/wiki/RB_Formula_One_Team,RB F1 Team,Italian,2025,1
23,6,0 days 00:01:16.245000,0 days 00:01:16.017000,0 days 00:01:15.737000,albon,23,ALB,http://en.wikipedia.org/wiki/Alexander_Albon,Alexander,Albon,1996-03-23,Thai,williams,http://en.wikipedia.org/wiki/Williams_Grand_Prix_Engineering,Williams,British,2025,1
16,7,0 days 00:01:16.029000,0 days 00:01:15.827000,0 days 00:01:15.755000,leclerc,16,LEC,http://en.wikipedia.org/wiki/Charles_Leclerc,Charles,Leclerc,1997-10-16,Monegasque,ferrari,http://en.wikipedia.org/wiki/Scuderia_Ferrari,Ferrari,Italian,2025,1
44,8,0 days 00:01:16.213000,0 days 00:01:15.919000,0 days 00:01:15.973000,hamilton,44,HAM,http://en.wikipedia.org/wiki/Lewis_Hamilton,Lewis,Hamilton,1985-01-07,British,ferrari,http://en.wikipedia.org/wiki/Scuderia_Ferrari,Ferrari,Italian,2025,1
10,9,0 days 00:01:16.328000,0 days 00:01:16.112000,0 days 00:01:15.980000,gasly,10,GAS,http://en.wikipedia.org/wiki/Pierre_Gasly,Pierre,Gasly,1996-02-07,French,alpine,http://en.wikipedia.org/wiki/Alpine_F1_Team,Alpine F1 Team,French,2025,1
55,10,0 days 00:01:16.360000,0 days 00:01:15.931000,0 days 00:01:16.062000,sainz,55,SAI,http://en.wikipedia.org/wiki/Carlos_Sainz_Jr.,Carlos,Sainz,1994-09-01,Spanish,williams,http://en.wikipedia.org/wiki/Williams_Grand_Prix_Engineering,Williams,British,2025,1
6,11,0 days 00:01:16.354000,0 days 00:01:16.175000,,hadjar,6,HAD,https://en.wikipedia.org/wiki/Isack_Hadjar,Isack,Hadjar,2004-09-28,French,rb,http://en.wikipedia.org/wiki/RB_Formula_One_Team,RB F1 Team,Italian,2025,1
14,12,0 days 00:01:16.288000,0 days 00:01:16.453000,,alonso,14,ALO,http://en.wikipedia.org/wiki/Fernando_Alonso,Fernando,Alonso,1981-07-29,Spanish,aston_martin,http://en.wikipedia.org/wiki/Aston_Martin_in_Formula_One,Aston Martin,British,2025,1
18,13,0 days 00:01:16.369000,0 days 00:01:16.483000,,stroll,18,STR,http://en.wikipedia.org/wiki/Lance_Stroll,Lance,Stroll,1998-10-29,Canadian,aston_martin,http://en.wikipedia.org/wiki/Aston_Martin_in_Formula_One,Aston Martin,British,2025,1
7,14,0 days 00:01:16.315000,0 days 00:01:16.863000,,doohan,7,DOO,http://en.wikipedia.org/wiki/Jack_Doohan,Jack,Doohan,2003-01-20,Australian,alpine,http://en.wikipedia.org/wiki/Alpine_F1_Team,Alpine F1 Team,French,2025,1
5,15,0 days 00:01:16.516000,0 days 00:01:17.520000,,bortoleto,5,BOR,https://en.wikipedia.org/wiki/Gabriel_Bortoleto,Gabriel,Bortoleto,2004-10-14,Brazilian,sauber,http://en.wikipedia.org/wiki/Sauber_Motorsport,Sauber,Swiss,2025,1
12,16,0 days 00:01:16.525000,,,antonelli,12,ANT,https://en.wikipedia.org/wiki/Andrea_Kimi_Antonelli,Andrea Kimi,Antonelli,2006-08-25,Italian,mercedes,http://en.wikipedia.org/wiki/Mercedes-Benz_in_Formula_One,Mercedes,German,2025,1
27,17,0 days 00:01:16.579000,,,hulkenberg,27,HUL,http://en.wikipedia.org/wiki/Nico_H%C3%BClkenberg,Nico,Hülkenberg,1987-08-19,German,sauber,http://en.wikipedia.org/wiki/Sauber_Motorsport,Sauber,Swiss,2025,1
30,18,0 days 00:01:17.094000,,,lawson,30,LAW,http://en.wikipedia.org/wiki/Liam_Lawson,Liam,Lawson,2002-02-11,New Zealander,red_bull,http://en.wikipedia.org/wiki/Red_Bull_Racing,Red Bull,Austrian,2025,1
31,19,0 days 00:01:17.147000,,,ocon,31,OCO,http://en.wikipedia.org/wiki/Esteban_Ocon,Esteban,Ocon,1996-09-17,French,haas,http://en.wikipedia.org/wiki/Haas_F1_Team,Haas F1 Team,American,2025,1
87,20,,,,bearman,87,BEA,http://en.wikipedia.org/wiki/Oliver_Bearman,Oliver,Bearman,2005-05-08,British,haas,http://en.wikipedia.org/wiki/Haas_F1_Team,Haas F1 Team,American,2025,1
81,1,0 days 00:01:31.591000,0 days 00:01:31.200000,0 days 00:01:30.641000,piastri,81,PIA,http://en.wikipedia.org/wiki/Oscar_Piastri,Oscar,Piastri,2001-04-06,Australian,mclaren,http://en.wikipedia.org/wiki/McLaren,McLaren,British,2025,2
63,2,0 days 00:01:31.295000,0 days 00:01:31.307000,0 days 00:01:30.723000,russell,63,RUS,http://en.wikipedia.org/wiki/George_Russell_(racing_driver),George,Russell,1998-02-15,British,mercedes,http://en.wikipedia.org/wiki/Mercedes-Benz_in_Formula_One,Mercedes,German,2025,2
4,3,0 days 00:01:30.983000,0 days 00:01:30.787000,0 days 00:01:30.793000,norris,4,NOR,http://en.wikipedia.org/wiki/Lando_Norris,Lando,Norris,1999-11-13,British,mclaren,http://en.wikipedia.org/wiki/McLaren,McLaren,British,2025,2
1,4,0 days 00:01:31.424000,0 days 00:01:31.142000,0 days 00:01:30.817000,max_verstappen,33,VER,http://en.wikipedia.org/wiki/Max_Verstappen,Max,Verstappen,1997-09-30,Dutch,red_bull,http://en.wikipedia.org/wiki/Red_Bull_Racing,Red Bull,Austrian,2025,2
44,5,0 days 00:01:31.690000,0 days 00:01:31.501000,0 days 00:01:30.927000,hamilton,44,HAM,http://en.wikipedia.org/wiki/Lewis_Hamilton,Lewis,Hamilton,1985-01-07,British,ferrari,http://en.wikipedia.org/wiki/Scuderia_Ferrari,Ferrari,Italian,2025,2
16,6,0 days 00:01:31.579000,0 days 00:01:31.450000,0 days 00:01:31.021000,leclerc,16,LEC,http://en.wikipedia.org/wiki/Charles_Leclerc,Charles,Leclerc,1997-10-16,Monegasque,ferrari,http://en.wikipedia.org/wiki/Scuderia_Ferrari,Ferrari,Italian,2025,2
6,7,0 days 00:01:31.162000,0 days 00:01:31.253000,0 days 00:01:31.079000,hadjar,6,HAD,https://en.wikipedia.org/wiki/Isack_Hadjar,Isack,Hadjar,2004-09-28,French,rb,http://en.wikipedia.org/wiki/RB_Formula_One_Team,RB F1 Team,Italian,2025,2
12,8,0 days 00:01:31.676000,0 days 00:01:31.590000,0 days 00:01:31.103000,antonelli,12,ANT,https://en.wikipedia.org/wiki/Andrea_Kimi_Antonelli,Andrea Kimi,Antonelli,2006-08-25,Italian,mercedes,http://en.wikipedia.org/wiki/Mercedes-Benz_in_Formula_One,Mercedes,German,2025,2
22,9,0 days 00:01:31.238000,0 days 00:01:31.260000,0 days 00:01:31.638000,tsunoda,22,TSU,http://en.wikipedia.org/wiki/Yuki_Tsunoda,Yuki,Tsunoda,2000-05-11,Japanese,rb,http://en.wikipedia.org/wiki/RB_Formula_One_Team,RB F1 Team,Italian,2025,2
23,10,0 days 00:01:31.503000,0 days 00:01:31.595000,0 days 00:01:31.706000,albon,23,ALB,http://en.wikipedia.org/wiki/Alexander_Albon,Alexander,Albon,1996-03-23,Thai,williams,http://en.wikipedia.org/wiki/Williams_Grand_Prix_Engineering,Williams,British,2025,2
31,11,0 days 00:01:31.876000,0 days 00:01:31.625000,,ocon,31,OCO,http://en.wikipedia.org/wiki/Esteban_Ocon,Esteban,Ocon,1996-09-17,French,haas,http://en.wikipedia.org/wiki/Haas_F1_Team,Haas F1 Team,American,2025,2
27,12,0 days 00:01:31.921000,0 days 00:01:31.632000,,hulkenberg,27,HUL,http://en.wikipedia.org/wiki/Nico_H%C3%BClkenberg,Nico,Hülkenberg,1987-08-19,German,sauber,http://en.wikipedia.org/wiki/Sauber_Motorsport,Sauber,Swiss,2025,2
14,13,0 days 00:01:31.719000,0 days 00:01:31.688000,,alonso,14,ALO,http://en.wikipedia.org/wiki/Fernando_Alonso,Fernando,Alonso,1981-07-29,Spanish,aston_martin,http://en.wikipedia.org/wiki/Aston_Martin_in_Formula_One,Aston Martin,British,2025,2
18,14,0 days 00:01:31.923000,0 days 00:01:31.773000,,stroll,18,STR,http://en.wikipedia.org/wiki/Lance_Stroll,Lance,Stroll,1998-10-29,Canadian,aston_martin,http://en.wikipedia.org/wiki/Aston_Martin_in_Formula_One,Aston Martin,British,2025,2
55,15,0 days 00:01:31.628000,0 days 00:01:31.840000,,sainz,55,SAI,http://en.wikipedia.org/wiki/Carlos_Sainz_Jr.,Carlos,Sainz,1994-09-01,Spanish,williams,http://en.wikipedia.org/wiki/Williams_Grand_Prix_Engineering,Williams,British,2025,2
10,16,0 days 00:01:31.992000,,,gasly,10,GAS,http://en.wikipedia.org/wiki/Pierre_Gasly,Pierre,Gasly,1996-02-07,French,alpine,http://en.wikipedia.org/wiki/Alpine_F1_Team,Alpine F1 Team,French,2025,2
87,17,0 days 00:01:32.018000,,,bearman,87,BEA,http://en.wikipedia.org/wiki/Oliver_Bearman,Oliver,Bearman,2005-05-08,British,haas,http://en.wikipedia.org/wiki/Haas_F1_Team,Haas F1 Team,American,2025,2
7,18,0 days 00:01:32.092000,,,doohan,7,DOO,http://en.wikipedia.org/wiki/Jack_Doohan,Jack,Doohan,2003-01-20,Australian,alpine,http://en.wikipedia.org/wiki/Alpine_F1_Team,Alpine F1 Team,French,2025,2
5,19,0 days 00:01:32.141000,,,bortoleto,5,BOR,https://en.wikipedia.org/wiki/Gabriel_Bortoleto,Gabriel,Bortoleto,2004-10-14,Brazilian,sauber,http://en.wikipedia.org/wiki/Sauber_Motorsport,Sauber,Swiss,2025,2
30,20,0 days 00:01:32.174000,,,lawson,30,LAW,http://en.wikipedia.org/wiki/Liam_Lawson,Liam,Lawson,2002-02-11,New Zealander,red_bull,http://en.wikipedia.org/wiki/Red_Bull_Racing,Red Bull,Austrian,2025,2
1,1,0 days 00:01:27.943000,0 days 00:01:27.502000,0 days 00:01:26.983000,max_verstappen,33,VER,http://en.wikipedia.org/wiki/Max_Verstappen,Max,Verstappen,1997-09-30,Dutch,red_bull,http://en.wikipedia.org/wiki/Red_Bull_Racing,Red Bull,Austrian,2025,3
4,2,0 days 00:01:27.845000,0 days 00:01:27.146000,0 days 00:01:26.995000,norris,4,NOR,http://en.wikipedia.org/wiki/Lando_Norris,Lando,Norris,1999-11-13,British,mclaren,http://en.wikipedia.org/wiki/McLaren,McLaren,British,2025,3
81,3,0 days 00:01:27.687000,0 days 00:01:27.507000,0 days 00:01:27.027000,piastri,81,PIA,http://en.wikipedia.org/wiki/Oscar_Piastri,Oscar,Piastri,2001-04-06,Australian,mclaren,http://en.wikipedia.org/wiki/McLaren,McLaren,British,2025,3
16,4,0 days 00:01:27.920000,0 days 00:01:27.555000,0 days 00:01:27.299000,leclerc,16,LEC,http://en.wikipedia.org/wiki/Charles_Leclerc,Charles,Leclerc,1997-10-16,Monegasque,ferrari,http://en.wikipedia.org/wiki/Scuderia_Ferrari,Ferrari,Italian,2025,3
63,5,0 days 00:01:27.843000,0 days 00:01:27.400000,0 days 00:01:27.318000,russell,63,RUS,http://en.wikipedia.org/wiki/George_Russell_(racing_driver),George,Russell,1998-02-15,British,mercedes,http://en.wikipedia.org/wiki/Mercedes-Benz_in_Formula_One,Mercedes,German,2025,3
12,6,0 days 00:01:27.968000,0 days 00:01:27.639000,0 days 00:01:27.555000,antonelli,12,ANT,https://en.wikipedia.org/wiki/Andrea_Kimi_Antonelli,Andrea Kimi,Antonelli,2006-08-25,Italian,mercedes,http://en.wikipedia.org/wiki/Mercedes-Benz_in_Formula_One,Mercedes,German,2025,3
6,7,0 days 00:01:28.278000,0 days 00:01:27.775000,0 days 00:01:27.569000,hadjar,6,HAD,https://en.wikipedia.org/wiki/Isack_Hadjar,Isack,Hadjar,2004-09-28,French,rb,http://en.wikipedia.org/wiki/RB_Formula_One_Team,RB F1 Team,Italian,2025,3
44,8,0 days 00:01:27.942000,0 days 00:01:27.610000,0 days 00:01:27.610000,hamilton,44,HAM,http://en.wikipedia.org/wiki/Lewis_Hamilton,Lewis,Hamilton,1985-01-07,British,ferrari,http://en.wikipedia.org/wiki/Scuderia_Ferrari,Ferrari,Italian,2025,3
23,9,0 days 00:01:28.218000,0 days 00:01:27.783000,0 days 00:01:27.615000,albon,23,ALB,http://en.wikipedia.org/wiki/Alexander_Albon,Alexander,Albon,1996-03-23,Thai,williams,http://en.wikipedia.org/wiki/Williams_Grand_Prix_Engineering,Williams,British,2025,3
87,10,0 days 00:01:28.228000,0 days 00:01:27.711000,0 days 00:01:27.867000,bearman,87,BEA,http://en.wikipedia.org/wiki/Oliver_Bearman,Oliver,Bearman,2005-05-08,British,haas,http://en.wikipedia.org/wiki/Haas_F1_Team,Haas F1 Team,American,2025,3
10,11,0 days 00:01:28.186000,0 days 00:01:27.822000,,gasly,10,GAS,http://en.wikipedia.org/wiki/Pierre_Gasly,Pierre,Gasly,1996-02-07,French,alpine,http://en.wikipedia.org/wiki/Alpine_F1_Team,Alpine F1 Team,French,2025,3
55,12,0 days 00:01:28.209000,0 days 00:01:27.836000,,sainz,55,SAI,http://en.wikipedia.org/wiki/Carlos_Sainz_Jr.,Carlos,Sainz,1994-09-01,Spanish,williams,http://en.wikipedia.org/wiki/Williams_Grand_Prix_Engineering,Williams,British,2025,3
14,13,0 days 00:01:28.337000,0 days 00:01:27.897000,,alonso,14,ALO,http://en.wikipedia.org/wiki/Fernando_Alonso,Fernando,Alonso,1981-07-29,Spanish,aston_martin,http://en.wikipedia.org/wiki/Aston_Martin_in_Formula_One,Aston Martin,British,2025,3
30,14,0 days 00:01:28.554000,0 days 00:01:27.906000,,lawson,30,LAW,http://en.wikipedia.org/wiki/Liam_Lawson,Liam,Lawson,2002-02-11,New Zealander,rb,http://en.wikipedia.org/wiki/RB_Formula_One_Team,RB F1 Team,Italian,2025,3
22,15,0 days 00:01:27.967000,0 days 00:01:28,,tsunoda,22,TSU,http://en.wikipedia.org/wiki/Yuki_Tsunoda,Yuki,Tsunoda,2000-05-11,Japanese,red_bull,http://en.wikipedia.org/wiki/Red_Bull_Racing,Red Bull,Austrian,2025,3
27,16,0 days 00:01:28.570000,,,hulkenberg,27,HUL,http://en.wikipedia.org/wiki/Nico_H%C3%BClkenberg,Nico,Hülkenberg,1987-08-19,German,sauber,http://en.wikipedia.org/wiki/Sauber_Motorsport,Sauber,Swiss,2025,3
5,17,0 days 00:01:28.622000,,,bortoleto,5,BOR,https://en.wikipedia.org/wiki/Gabriel_Bortoleto,Gabriel,Bortoleto,2004-10-14,Brazilian,sauber,http://en.wikipedia.org/wiki/Sauber_Motorsport,Sauber,Swiss,2025,3
31,18,0 days 00:01:28.696000,,,ocon,31,OCO,http://en.wikipedia.org/wiki/Esteban_Ocon,Esteban,Ocon,1996-09-17,French,haas,http://en.wikipedia.org/wiki/Haas_F1_Team,Haas F1 Team,American,2025,3
7,19,0 days 00:01:28.877000,,,doohan,7,DOO,http://en.wikipedia.org/wiki/Jack_Doohan,Jack,Doohan,2003-01-20,Australian,alpine,http://en.wikipedia.org/wiki/Alpine_F1_Team,Alpine F1 Team,French,2025,3
18,20,0 days 00:01:29.271000,,,stroll,18,STR,http://en.wikipedia.org/wiki/Lance_Stroll,Lance,Stroll,1998-10-29,Canadian,aston_martin,http://en.wikipedia.org/wiki/Aston_Martin_in_Formula_One,Aston Martin,British,2025,3
81,1,0 days 00:01:31.392000,0 days 00:01:30.454000,0 days 00:01:29.841000,piastri,81,PIA,http://en.wikipedia.org/wiki/Oscar_Piastri,Oscar,Piastri,2001-04-06,Australian,mclaren,http://en.wikipedia.org/wiki/McLaren,McLaren,British,2025,4
63,2,0 days 00:01:31.494000,0 days 00:01:30.664000,0 days 00:01:30.009000,russell,63,RUS,http://en.wikipedia.org/wiki/George_Russell_(racing_driver),George,Russell,1998-02-15,British,mercedes,http://en.wikipedia.org/wiki/Mercedes-Benz_in_Formula_One,Mercedes,German,2025,4
16,3,0 days 00:01:31.454000,0 days 00:01:30.724000,0 days 00:01:30.175000,leclerc,16,LEC,http://en.wikipedia.org/wiki/Charles_Leclerc,Charles,Leclerc,1997-10-16,Monegasque,ferrari,http://en.wikipedia.org/wiki/Scuderia_Ferrari,Ferrari,Italian,2025,4
12,4,0 days 00:01:31.415000,0 days 00:01:30.716000,0 days 00:01:30.213000,antonelli,12,ANT,https://en.wikipedia.org/wiki/Andrea_Kimi_Antonelli,Andrea Kimi,Antonelli,2006-08-25,Italian,mercedes,http://en.wikipedia.org/wiki/Mercedes-Benz_in_Formula_One,Mercedes,German,2025,4
10,5,0 days 00:01:31.462000,0 days 00:01:30.643000,0 days 00:01:30.216000,gasly,10,GAS,http://en.wikipedia.org/wiki/Pierre_Gasly,Pierre,Gasly,1996-02-07,French,alpine,http://en.wikipedia.org/wiki/Alpine_F1_Team,Alpine F1 Team,French,2025,4
4,6,0 days 00:01:31.107000,0 days 00:01:30.560000,0 days 00:01:30.267000,norris,4,NOR,http://en.wikipedia.org/wiki/Lando_Norris,Lando,Norris,1999-11-13,British,mclaren,http://en.wikipedia.org/wiki/McLaren,McLaren,British,2025,4
1,7,0 days 00:01:31.303000,0 days 00:01:31.019000,0 days 00:01:30.423000,max_verstappen,33,VER,http://en.wikipedia.org/wiki/Max_Verstappen,Max,Verstappen,1997-09-30,Dutch,red_bull,http://en.wikipedia.org/wiki/Red_Bull_Racing,Red Bull,Austrian,2025,4
55,8,0 days 00:01:31.591000,0 days 00:01:30.844000,0 days 00:01:30.680000,sainz,55,SAI,http://en.wikipedia.org/wiki/Carlos_Sainz_Jr.,Carlos,Sainz,1994-09-01,Spanish,williams,http://en.wikipedia.org/wiki/Williams_Grand_Prix_Engineering,Williams,British,2025,4
44,9,0 days 00:01:31.219000,0 days 00:01:31.009000,0 days 00:01:30.772000,hamilton,44,HAM,http://en.wikipedia.org/wiki/Lewis_Hamilton,Lewis,Hamilton,1985-01-07,British,ferrari,http://en.wikipedia.org/wiki/Scuderia_Ferrari,Ferrari,Italian,2025,4
22,10,0 days 00:01:31.751000,0 days 00:01:31.228000,0 days 00:01:31.303000,tsunoda,22,TSU,http://en.wikipedia.org/wiki/Yuki_Tsunoda,Yuki,Tsunoda,2000-05-11,Japanese,red_bull,http://en.wikipedia.org/wiki/Red_Bull_Racing,Red Bull,Austrian,2025,4
7,11,0 days 00:01:31.414000,0 days 00:01:31.245000,,doohan,7,DOO,http://en.wikipedia.org/wiki/Jack_Doohan,Jack,Doohan,2003-01-20,Australian,alpine,http://en.wikipedia.org/wiki/Alpine_F1_Team,Alpine F1 Team,French,2025,4
6,12,0 days 00:01:31.591000,0 days 00:01:31.271000,,hadjar,6,HAD,https://en.wikipedia.org/wiki/Isack_Hadjar,Isack,Hadjar,2004-09-28,French,rb,http://en.wikipedia.org/wiki/RB_Formula_One_Team,RB F1 Team,Italian,2025,4
14,13,0 days 00:01:31.634000,0 days 00:01:31.886000,,alonso,14,ALO,http://en.wikipedia.org/wiki/Fernando_Alonso,Fernando,Alonso,1981-07-29,Spanish,aston_martin,http://en.wikipedia.org/wiki/Aston_Martin_in_Formula_One,Aston Martin,British,2025,4
31,14,0 days 00:01:31.594000,,,ocon,31,OCO,http://en.wikipedia.org/wiki/Esteban_Ocon,Esteban,Ocon,1996-09-17,French,haas,http://en.wikipedia.org/wiki/Haas_F1_Team,Haas F1 Team,American,2025,4
23,15,0 days 00:01:32.040000,,,albon,23,ALB,http://en.wikipedia.org/wiki/Alexander_Albon,Alexander,Albon,1996-03-23,Thai,williams,http://en.wikipedia.org/wiki/Williams_Grand_Prix_Engineering,Williams,British,2025,4
27,16,0 days 00:01:32.067000,,,hulkenberg,27,HUL,http://en.wikipedia.org/wiki/Nico_H%C3%BClkenberg,Nico,Hülkenberg,1987-08-19,German,sauber,http://en.wikipedia.org/wiki/Sauber_Motorsport,Sauber,Swiss,2025,4
30,17,0 days 00:01:32.165000,,,lawson,30,LAW,http://en.wikipedia.org/wiki/Liam_Lawson,Liam,Lawson,2002-02-11,New Zealander,rb,http://en.wikipedia.org/wiki/RB_Formula_One_Team,RB F1 Team,Italian,2025,4
5,18,0 days 00:01:32.186000,,,bortoleto,5,BOR,https://en.wikipedia.org/wiki/Gabriel_Bortoleto,Gabriel,Bortoleto,2004-10-14,Brazilian,sauber,http://en.wikipedia.org/wiki/Sauber_Motorsport,Sauber,Swiss,2025,4
18,19,0 days 00:01:32.283000,,,stroll,18,STR,http://en.wikipedia.org/wiki/Lance_Stroll,Lance,Stroll,1998-10-29,Canadian,aston_martin,http://en.wikipedia.org/wiki/Aston_Martin_in_Formula_One,Aston Martin,British,2025,4
87,20,0 days 00:01:32.373000,,,bearman,87,BEA,http://en.wikipedia.org/wiki/Oliver_Bearman,Oliver,Bearman,2005-05-08,British,haas,http://en.wikipedia.org/wiki/Haas_F1_Team,Haas F1 Team,American,2025,4
1,1,0 days 00:01:27.778000,0 days 00:01:27.529000,0 days 00:01:27.294000,max_verstappen,33,VER,http://en.wikipedia.org/wiki/Max_Verstappen,Max,Verstappen,1997-09-30,Dutch,red_bull,http://en.wikipedia.org/wiki/Red_Bull_Racing,Red Bull,Austrian,2025,5
81,2,0 days 00:01:27.901000,0 days 00:01:27.545000,0 days 00:01:27.304000,piastri,81,PIA,http://en.wikipedia.org/wiki/Oscar_Piastri,Oscar,Piastri,2001-04-06,Australian,mclaren,http://en.wikipedia.org/wiki/McLaren,McLaren,British,2025,5
63,3,0 days 00:01:28.282000,0 days 00:01:27.599000,0 days 00:01:27.407000,russell,63,RUS,http://en.wikipedia.org/wiki/George_Russell_(racing_driver),George,Russell,1998-02-15,British,mercedes,http://en.wikipedia.org/wiki/Mercedes-Benz_in_Formula_One,Mercedes,German,2025,5
16,4,0 days 00:01:28.552000,0 days 00:01:27.866000,0 days 00:01:27.670000,leclerc,16,LEC,http://en.wikipedia.org/wiki/Charles_Leclerc,Charles,Leclerc,1997-10-16,Monegasque,ferrari,http://en.wikipedia.org/wiki/Scuderia_Ferrari,Ferrari,Italian,2025,5
12,5,0 days 00:01:28.128000,0 days 00:01:27.798000,0 days 00:01:27.866000,antonelli,12,ANT,https://en.wikipedia.org/wiki/Andrea_Kimi_Antonelli,Andrea Kimi,Antonelli,2006-08-25,Italian,mercedes,http://en.wikipedia.org/wiki/Mercedes-Benz_in_Formula_One,Mercedes,German,2025,5
55,6,0 days 00:01:28.354000,0 days 00:01:28.024000,0 days 00:01:28.164000,sainz,55,SAI,http://en.wikipedia.org/wiki/Carlos_Sainz_Jr.,Carlos,Sainz,1994-09-01,Spanish,williams,http://en.wikipedia.org/wiki/Williams_Grand_Prix_Engineering,Williams,British,2025,5
44,7,0 days 00:01:28.372000,0 days 00:01:28.102000,0 days 00:01:28.201000,hamilton,44,HAM,http://en.wikipedia.org/wiki/Lewis_Hamilton,Lewis,Hamilton,1985-01-07,British,ferrari,http://en.wikipedia.org/wiki/Scuderia_Ferrari,Ferrari,Italian,2025,5
22,8,0 days 00:01:28.226000,0 days 00:01:27.990000,0 days 00:01:28.204000,tsunoda,22,TSU,http://en.wikipedia.org/wiki/Yuki_Tsunoda,Yuki,Tsunoda,2000-05-11,Japanese,red_bull,http://en.wikipedia.org/wiki/Red_Bull_Racing,Red Bull,Austrian,2025,5
10,9,0 days 00:01:28.421000,0 days 00:01:28.025000,0 days 00:01:28.367000,gasly,10,GAS,http://en.wikipedia.org/wiki/Pierre_Gasly,Pierre,Gasly,1996-02-07,French,alpine,http://en.wikipedia.org/wiki/Alpine_F1_Team,Alpine F1 Team,French,2025,5
4,10,0 days 00:01:27.805000,0 days 00:01:27.481000,,norris,4,NOR,http://en.wikipedia.org/wiki/Lando_Norris,Lando,Norris,1999-11-13,British,mclaren,http://en.wikipedia.org/wiki/McLaren,McLaren,British,2025,5
23,11,0 days 00:01:28.279000,0 days 00:01:28.109000,,albon,23,ALB,http://en.wikipedia.org/wiki/Alexander_Albon,Alexander,Albon,1996-03-23,Thai,williams,http://en.wikipedia.org/wiki/Williams_Grand_Prix_Engineering,Williams,British,2025,5
30,12,0 days 00:01:28.561000,0 days 00:01:28.191000,,lawson,30,LAW,http://en.wikipedia.org/wiki/Liam_Lawson,Liam,Lawson,2002-02-11,New Zealander,rb,http://en.wikipedia.org/wiki/RB_Formula_One_Team,RB F1 Team,Italian,2025,5
14,13,0 days 00:01:28.548000,0 days 00:01:28.303000,,alonso,14,ALO,http://en.wikipedia.org/wiki/Fernando_Alonso,Fernando,Alonso,1981-07-29,Spanish,aston_martin,http://en.wikipedia.org/wiki/Aston_Martin_in_Formula_One,Aston Martin,British,2025,5
6,14,0 days 00:01:28.571000,0 days 00:01:28.418000,,hadjar,6,HAD,https://en.wikipedia.org/wiki/Isack_Hadjar,Isack,Hadjar,2004-09-28,French,rb,http://en.wikipedia.org/wiki/RB_Formula_One_Team,RB F1 Team,Italian,2025,5
87,15,0 days 00:01:28.536000,0 days 00:01:28.648000,,bearman,87,BEA,http://en.wikipedia.org/wiki/Oliver_Bearman,Oliver,Bearman,2005-05-08,British,haas,http://en.wikipedia.org/wiki/Haas_F1_Team,Haas F1 Team,American,2025,5
18,16,0 days 00:01:28.645000,,,stroll,18,STR,http://en.wikipedia.org/wiki/Lance_Stroll,Lance,Stroll,1998-10-29,Canadian,aston_martin,http://en.wikipedia.org/wiki/Aston_Martin_in_Formula_One,Aston Martin,British,2025,5
7,17,0 days 00:01:28.739000,,,doohan,7,DOO,http://en.wikipedia.org/wiki/Jack_Doohan,Jack,Doohan,2003-01-20,Australian,alpine,http://en.wikipedia.org/wiki/Alpine_F1_Team,Alpine F1 Team,French,2025,5
27,18,0 days 00:01:28.782000,,,hulkenberg,27,HUL,http://en.wikipedia.org/wiki/Nico_H%C3%BClkenberg,Nico,Hülkenberg,1987-08-19,German,sauber,http://en.wikipedia.org/wiki/Sauber_Motorsport,Sauber,Swiss,2025,5
31,19,0 days 00:01:29.092000,,,ocon,31,OCO,http://en.wikipedia.org/wiki/Esteban_Ocon,Esteban,Ocon,1996-09-17,French,haas,http://en.wikipedia.org/wiki/Haas_F1_Team,Haas F1 Team,American,2025,5
5,20,0 days 00:01:29.462000,,,bortoleto,5,BOR,https://en.wikipedia.org/wiki/Gabriel_Bortoleto,Gabriel,Bortoleto,2004-10-14,Brazilian,sauber,http://en.wikipedia.org/wiki/Sauber_Motorsport,Sauber,Swiss,2025,5
1,1,0 days 00:01:26.870000,0 days 00:01:26.643000,0 days 00:01:26.204000,max_verstappen,33,VER,http://en.wikipedia.org/wiki/Max_Verstappen,Max,Verstappen,1997-09-30,Dutch,red_bull,http://en.wikipedia.org/wiki/Red_Bull_Racing,Red Bull,Austrian,2025,6
4,2,0 days 00:01:26.955000,0 days 00:01:26.499000,0 days 00:01:26.269000,norris,4,NOR,http://en.wikipedia.org/wiki/Lando_Norris,Lando,Norris,1999-11-13,British,mclaren,http://en.wikipedia.org/wiki/McLaren,McLaren,British,2025,6
12,3,0 days 00:01:27.077000,0 days 00:01:26.606000,0 days 00:01:26.271000,antonelli,12,ANT,https://en.wikipedia.org/wiki/Andrea_Kimi_Antonelli,Andrea Kimi,Antonelli,2006-08-25,Italian,mercedes,http://en.wikipedia.org/wiki/Mercedes-Benz_in_Formula_One,Mercedes,German,2025,6
81,4,0 days 00:01:27.006000,0 days 00:01:26.269000,0 days 00:01:26.375000,piastri,81,PIA,http://en.wikipedia.org/wiki/Oscar_Piastri,Oscar,Piastri,2001-04-06,Australian,mclaren,http://en.wikipedia.org/wiki/McLaren,McLaren,British,2025,6
63,5,0 days 00:01:27.014000,0 days 00:01:26.575000,0 days 00:01:26.385000,russell,63,RUS,http://en.wikipedia.org/wiki/George_Russell_(racing_driver),George,Russell,1998-02-15,British,mercedes,http://en.wikipedia.org/wiki/Mercedes-Benz_in_Formula_One,Mercedes,German,2025,6
55,6,0 days 00:01:27.098000,0 days 00:01:26.847000,0 days 00:01:26.569000,sainz,55,SAI,http://en.wikipedia.org/wiki/Carlos_Sainz_Jr.,Carlos,Sainz,1994-09-01,Spanish,williams,http://en.wikipedia.org/wiki/Williams_Grand_Prix_Engineering,Williams,British,2025,6
23,7,0 days 00:01:27.042000,0 days 00:01:26.855000,0 days 00:01:26.682000,albon,23,ALB,http://en.wikipedia.org/wiki/Alexander_Albon,Alexander,Albon,1996-03-23,Thai,williams,http://en.wikipedia.org/wiki/Williams_Grand_Prix_Engineering,Williams,British,2025,6
16,8,0 days 00:01:27.417000,0 days 00:01:26.948000,0 days 00:01:26.754000,leclerc,16,LEC,http://en.wikipedia.org/wiki/Charles_Leclerc,Charles,Leclerc,1997-10-16,Monegasque,ferrari,http://en.wikipedia.org/wiki/Scuderia_Ferrari,Ferrari,Italian,2025,6
31,9,0 days 00:01:27.450000,0 days 00:01:26.967000,0 days 00:01:26.824000,ocon,31,OCO,http://en.wikipedia.org/wiki/Esteban_Ocon,Esteban,Ocon,1996-09-17,French,haas,http://en.wikipedia.org/wiki/Haas_F1_Team,Haas F1 Team,American,2025,6
22,10,0 days 00:01:27.298000,0 days 00:01:26.959000,0 days 00:01:26.943000,tsunoda,22,TSU,http://en.wikipedia.org/wiki/Yuki_Tsunoda,Yuki,Tsunoda,2000-05-11,Japanese,red_bull,http://en.wikipedia.org/wiki/Red_Bull_Racing,Red Bull,Austrian,2025,6
6,11,0 days 00:01:27.301000,0 days 00:01:26.987000,,hadjar,6,HAD,https://en.wikipedia.org/wiki/Isack_Hadjar,Isack,Hadjar,2004-09-28,French,rb,http://en.wikipedia.org/wiki/RB_Formula_One_Team,RB F1 Team,Italian,2025,6
44,12,0 days 00:01:27.279000,0 days 00:01:27.006000,,hamilton,44,HAM,http://en.wikipedia.org/wiki/Lewis_Hamilton,Lewis,Hamilton,1985-01-07,British,ferrari,http://en.wikipedia.org/wiki/Scuderia_Ferrari,Ferrari,Italian,2025,6
5,13,0 days 00:01:27.343000,0 days 00:01:27.151000,,bortoleto,5,BOR,https://en.wikipedia.org/wiki/Gabriel_Bortoleto,Gabriel,Bortoleto,2004-10-14,Brazilian,sauber,http://en.wikipedia.org/wiki/Sauber_Motorsport,Sauber,Swiss,2025,6
7,14,0 days 00:01:27.422000,0 days 00:01:27.186000,,doohan,7,DOO,http://en.wikipedia.org/wiki/Jack_Doohan,Jack,Doohan,2003-01-20,Australian,alpine,http://en.wikipedia.org/wiki/Alpine_F1_Team,Alpine F1 Team,French,2025,6
30,15,0 days 00:01:27.444000,0 days 00:01:27.363000,,lawson,30,LAW,http://en.wikipedia.org/wiki/Liam_Lawson,Liam,Lawson,2002-02-11,New Zealander,rb,http://en.wikipedia.org/wiki/RB_Formula_One_Team,RB F1 Team,Italian,2025,6
27,16,0 days 00:01:27.473000,,,hulkenberg,27,HUL,http://en.wikipedia.org/wiki/Nico_H%C3%BClkenberg,Nico,Hülkenberg,1987-08-19,German,sauber,http://en.wikipedia.org/wiki/Sauber_Motorsport,Sauber,Swiss,2025,6
14,17,0 days 00:01:27.604000,,,alonso,14,ALO,http://en.wikipedia.org/wiki/Fernando_Alonso,Fernando,Alonso,1981-07-29,Spanish,aston_martin,http://en.wikipedia.org/wiki/Aston_Martin_in_Formula_One,Aston Martin,British,2025,6
10,18,0 days 00:01:27.710000,,,gasly,10,GAS,http://en.wikipedia.org/wiki/Pierre_Gasly,Pierre,Gasly,1996-02-07,French,alpine,http://en.wikipedia.org/wiki/Alpine_F1_Team,Alpine F1 Team,French,2025,6
18,19,0 days 00:01:27.830000,,,stroll,18,STR,http://en.wikipedia.org/wiki/Lance_Stroll,Lance,Stroll,1998-10-29,Canadian,aston_martin,http://en.wikipedia.org/wiki/Aston_Martin_in_Formula_One,Aston Martin,British,2025,6
87,20,0 days 00:01:27.999000,,,bearman,87,BEA,http://en.wikipedia.org/wiki/Oliver_Bearman,Oliver,Bearman,2005-05-08,British,haas,http://en.wikipedia.org/wiki/Haas_F1_Team,Haas F1 Team,American,2025,6
81,1,0 days 00:01:15.500000,0 days 00:01:15.214000,0 days 00:01:14.670000,piastri,81,PIA,http://en.wikipedia.org/wiki/Oscar_Piastri,Oscar,Piastri,2001-04-06,Australian,mclaren,http://en.wikipedia.org/wiki/McLaren,McLaren,British,2025,7
1,2,0 days 00:01:15.175000,0 days 00:01:15.394000,0 days 00:01:14.704000,max_verstappen,33,VER,http://en.wikipedia.org/wiki/Max_Verstappen,Max,Verstappen,1997-09-30,Dutch,red_bull,http://en.wikipedia.org/wiki/Red_Bull_Racing,Red Bull,Austrian,2025,7
63,3,0 days 00:01:15.852000,0 days 00:01:15.334000,0 days 00:01:14.807000,russell,63,RUS,http://en.wikipedia.org/wiki/George_Russell_(racing_driver),George,Russell,1998-02-15,British,mercedes,http://en.wikipedia.org/wiki/Mercedes-Benz_in_Formula_One,Mercedes,German,2025,7
4,4,0 days 00:01:15.894000,0 days 00:01:15.261000,0 days 00:01:14.962000,norris,4,NOR,http://en.wikipedia.org/wiki/Lando_Norris,Lando,Norris,1999-11-13,British,mclaren,http://en.wikipedia.org/wiki/McLaren,McLaren,British,2025,7
14,5,0 days 00:01:15.695000,0 days 00:01:15.442000,0 days 00:01:15.431000,alonso,14,ALO,http://en.wikipedia.org/wiki/Fernando_Alonso,Fernando,Alonso,1981-07-29,Spanish,aston_martin,http://en.wikipedia.org/wiki/Aston_Martin_in_Formula_One,Aston Martin,British,2025,7
55,6,0 days 00:01:15.987000,0 days 00:01:15.198000,0 days 00:01:15.432000,sainz,55,SAI,http://en.wikipedia.org/wiki/Carlos_Sainz_Jr.,Carlos,Sainz,1994-09-01,Spanish,williams,http://en.wikipedia.org/wiki/Williams_Grand_Prix_Engineering,Williams,British,2025,7
23,7,0 days 00:01:16.123000,0 days 00:01:15.521000,0 days 00:01:15.473000,albon,23,ALB,http://en.wikipedia.org/wiki/Alexander_Albon,Alexander,Albon,1996-03-23,Thai,williams,http://en.wikipedia.org/wiki/Williams_Grand_Prix_Engineering,Williams,British,2025,7
18,8,0 days 00:01:15.817000,0 days 00:01:15.497000,0 days 00:01:15.581000,stroll,18,STR,http://en.wikipedia.org/wiki/Lance_Stroll,Lance,Stroll,1998-10-29,Canadian,aston_martin,http://en.wikipedia.org/wiki/Aston_Martin_in_Formula_One,Aston Martin,British,2025,7
6,9,0 days 00:01:16.253000,0 days 00:01:15.510000,0 days 00:01:15.746000,hadjar,6,HAD,https://en.wikipedia.org/wiki/Isack_Hadjar,Isack,Hadjar,2004-09-28,French,rb,http://en.wikipedia.org/wiki/RB_Formula_One_Team,RB F1 Team,Italian,2025,7
10,10,0 days 00:01:15.937000,0 days 00:01:15.505000,0 days 00:01:15.787000,gasly,10,GAS,http://en.wikipedia.org/wiki/Pierre_Gasly,Pierre,Gasly,1996-02-07,French,alpine,http://en.wikipedia.org/wiki/Alpine_F1_Team,Alpine F1 Team,French,2025,7
16,11,0 days 00:01:16.108000,0 days 00:01:15.604000,,leclerc,16,LEC,http://en.wikipedia.org/wiki/Charles_Leclerc,Charles,Leclerc,1997-10-16,Monegasque,ferrari,http://en.wikipedia.org/wiki/Scuderia_Ferrari,Ferrari,Italian,2025,7
44,12,0 days 00:01:16.163000,0 days 00:01:15.765000,,hamilton,44,HAM,http://en.wikipedia.org/wiki/Lewis_Hamilton,Lewis,Hamilton,1985-01-07,British,ferrari,http://en.wikipedia.org/wiki/Scuderia_Ferrari,Ferrari,Italian,2025,7
12,13,0 days 00:01:15.943000,0 days 00:01:15.772000,,antonelli,12,ANT,https://en.wikipedia.org/wiki/Andrea_Kimi_Antonelli,Andrea Kimi,Antonelli,2006-08-25,Italian,mercedes,http://en.wikipedia.org/wiki/Mercedes-Benz_in_Formula_One,Mercedes,German,2025,7
5,14,0 days 00:01:16.340000,0 days 00:01:16.260000,,bortoleto,5,BOR,https://en.wikipedia.org/wiki/Gabriel_Bortoleto,Gabriel,Bortoleto,2004-10-14,Brazilian,sauber,http://en.wikipedia.org/wiki/Sauber_Motorsport,Sauber,Swiss,2025,7
43,15,0 days 00:01:16.256000,,,colapinto,43,COL,http://en.wikipedia.org/wiki/Franco_Colapinto,Franco,Colapinto,2003-05-27,Argentine,alpine,http://en.wikipedia.org/wiki/Alpine_F1_Team,Alpine F1 Team,French,2025,7
30,16,0 days 00:01:16.379000,,,lawson,30,LAW,http://en.wikipedia.org/wiki/Liam_Lawson,Liam,Lawson,2002-02-11,New Zealander,rb,http://en.wikipedia.org/wiki/RB_Formula_One_Team,RB F1 Team,Italian,2025,7
27,17,0 days 00:01:16.518000,,,hulkenberg,27,HUL,http://en.wikipedia.org/wiki/Nico_H%C3%BClkenberg,Nico,Hülkenberg,1987-08-19,German,sauber,http://en.wikipedia.org/wiki/Sauber_Motorsport,Sauber,Swiss,2025,7
31,18,0 days 00:01:16.613000,,,ocon,31,OCO,http://en.wikipedia.org/wiki/Esteban_Ocon,Esteban,Ocon,1996-09-17,French,haas,http://en.wikipedia.org/wiki/Haas_F1_Team,Haas F1 Team,American,2025,7
87,19,0 days 00:01:16.918000,,,bearman,87,BEA,http://en.wikipedia.org/wiki/Oliver_Bearman,Oliver,Bearman,2005-05-08,British,haas,http://en.wikipedia.org/wiki/Haas_F1_Team,Haas F1 Team,American,2025,7
22,20,,,,tsunoda,22,TSU,http://en.wikipedia.org/wiki/Yuki_Tsunoda,Yuki,Tsunoda,2000-05-11,Japanese,red_bull,http://en.wikipedia.org/wiki/Red_Bull_Racing,Red Bull,Austrian,2025,7
4,1,0 days 00:01:11.285000,0 days 00:01:10.570000,0 days 00:01:09.954000,norris,4,NOR,http://en.wikipedia.org/wiki/Lando_Norris,Lando,Norris,1999-11-13,British,mclaren,http://en.wikipedia.org/wiki/McLaren,McLaren,British,2025,8
16,2,0 days 00:01:11.229000,0 days 00:01:10.581000,0 days 00:01:10.063000,leclerc,16,LEC,http://en.wikipedia.org/wiki/Charles_Leclerc,Charles,Leclerc,1997-10-16,Monegasque,ferrari,http://en.wikipedia.org/wiki/Scuderia_Ferrari,Ferrari,Italian,2025,8
81,3,0 days 00:01:11.308000,0 days 00:01:10.858000,0 days 00:01:10.129000,piastri,81,PIA,http://en.wikipedia.org/wiki/Oscar_Piastri,Oscar,Piastri,2001-04-06,Australian,mclaren,http://en.wikipedia.org/wiki/McLaren,McLaren,British,2025,8
44,4,0 days 00:01:11.575000,0 days 00:01:10.883000,0 days 00:01:10.382000,hamilton,44,HAM,http://en.wikipedia.org/wiki/Lewis_Hamilton,Lewis,Hamilton,1985-01-07,British,ferrari,http://en.wikipedia.org/wiki/Scuderia_Ferrari,Ferrari,Italian,2025,8
1,5,0 days 00:01:11.431000,0 days 00:01:10.875000,0 days 00:01:10.669000,max_verstappen,33,VER,http://en.wikipedia.org/wiki/Max_Verstappen,Max,Verstappen,1997-09-30,Dutch,red_bull,http://en.wikipedia.org/wiki/Red_Bull_Racing,Red Bull,Austrian,2025,8
6,6,0 days 00:01:11.811000,0 days 00:01:11.040000,0 days 00:01:10.923000,hadjar,6,HAD,https://en.wikipedia.org/wiki/Isack_Hadjar,Isack,Hadjar,2004-09-28,French,rb,http://en.wikipedia.org/wiki/RB_Formula_One_Team,RB F1 Team,Italian,2025,8
14,7,0 days 00:01:11.674000,0 days 00:01:11.182000,0 days 00:01:10.924000,alonso,14,ALO,http://en.wikipedia.org/wiki/Fernando_Alonso,Fernando,Alonso,1981-07-29,Spanish,aston_martin,http://en.wikipedia.org/wiki/Aston_Martin_in_Formula_One,Aston Martin,British,2025,8
31,8,0 days 00:01:11.839000,0 days 00:01:11.262000,0 days 00:01:10.942000,ocon,31,OCO,http://en.wikipedia.org/wiki/Esteban_Ocon,Esteban,Ocon,1996-09-17,French,haas,http://en.wikipedia.org/wiki/Haas_F1_Team,Haas F1 Team,American,2025,8
30,9,0 days 00:01:11.818000,0 days 00:01:11.250000,0 days 00:01:11.129000,lawson,30,LAW,http://en.wikipedia.org/wiki/Liam_Lawson,Liam,Lawson,2002-02-11,New Zealander,rb,http://en.wikipedia.org/wiki/RB_Formula_One_Team,RB F1 Team,Italian,2025,8
23,10,0 days 00:01:11.629000,0 days 00:01:10.732000,0 days 00:01:11.213000,albon,23,ALB,http://en.wikipedia.org/wiki/Alexander_Albon,Alexander,Albon,1996-03-23,Thai,williams,http://en.wikipedia.org/wiki/Williams_Grand_Prix_Engineering,Williams,British,2025,8
55,11,0 days 00:01:11.707000,0 days 00:01:11.362000,,sainz,55,SAI,http://en.wikipedia.org/wiki/Carlos_Sainz_Jr.,Carlos,Sainz,1994-09-01,Spanish,williams,http://en.wikipedia.org/wiki/Williams_Grand_Prix_Engineering,Williams,British,2025,8
22,12,0 days 00:01:11.800000,0 days 00:01:11.415000,,tsunoda,22,TSU,http://en.wikipedia.org/wiki/Yuki_Tsunoda,Yuki,Tsunoda,2000-05-11,Japanese,red_bull,http://en.wikipedia.org/wiki/Red_Bull_Racing,Red Bull,Austrian,2025,8
27,13,0 days 00:01:11.871000,0 days 00:01:11.596000,,hulkenberg,27,HUL,http://en.wikipedia.org/wiki/Nico_H%C3%BClkenberg,Nico,Hülkenberg,1987-08-19,German,sauber,http://en.wikipedia.org/wiki/Sauber_Motorsport,Sauber,Swiss,2025,8
63,14,0 days 00:01:11.507000,,,russell,63,RUS,http://en.wikipedia.org/wiki/George_Russell_(racing_driver),George,Russell,1998-02-15,British,mercedes,http://en.wikipedia.org/wiki/Mercedes-Benz_in_Formula_One,Mercedes,German,2025,8
12,15,0 days 00:01:11.880000,,,antonelli,12,ANT,https://en.wikipedia.org/wiki/Andrea_Kimi_Antonelli,Andrea Kimi,Antonelli,2006-08-25,Italian,mercedes,http://en.wikipedia.org/wiki/Mercedes-Benz_in_Formula_One,Mercedes,German,2025,8
5,16,0 days 00:01:11.902000,,,bortoleto,5,BOR,https://en.wikipedia.org/wiki/Gabriel_Bortoleto,Gabriel,Bortoleto,2004-10-14,Brazilian,sauber,http://en.wikipedia.org/wiki/Sauber_Motorsport,Sauber,Swiss,2025,8
87,17,0 days 00:01:11.979000,,,bearman,87,BEA,http://en.wikipedia.org/wiki/Oliver_Bearman,Oliver,Bearman,2005-05-08,British,haas,http://en.wikipedia.org/wiki/Haas_F1_Team,Haas F1 Team,American,2025,8
10,18,0 days 00:01:11.994000,,,gasly,10,GAS,http://en.wikipedia.org/wiki/Pierre_Gasly,Pierre,Gasly,1996-02-07,French,alpine,http://en.wikipedia.org/wiki/Alpine_F1_Team,Alpine F1 Team,French,2025,8
18,19,0 days 00:01:12.563000,,,stroll,18,STR,http://en.wikipedia.org/wiki/Lance_Stroll,Lance,Stroll,1998-10-29,Canadian,aston_martin,http://en.wikipedia.org/wiki/Aston_Martin_in_Formula_One,Aston Martin,British,2025,8
43,20,0 days 00:01:12.597000,,,colapinto,43,COL,http://en.wikipedia.org/wiki/Franco_Colapinto,Franco,Colapinto,2003-05-27,Argentine,alpine,http://en.wikipedia.org/wiki/Alpine_F1_Team,Alpine F1 Team,French,2025,8
81,1,0 days 00:01:12.551000,0 days 00:01:11.998000,0 days 00:01:11.546000,piastri,81,PIA,http://en.wikipedia.org/wiki/Oscar_Piastri,Oscar,Piastri,2001-04-06,Australian,mclaren,http://en.wikipedia.org/wiki/McLaren,McLaren,British,2025,9
4,2,0 days 00:01:12.799000,0 days 00:01:12.056000,0 days 00:01:11.755000,norris,4,NOR,http://en.wikipedia.org/wiki/Lando_Norris,Lando,Norris,1999-11-13,British,mclaren,http://en.wikipedia.org/wiki/McLaren,McLaren,British,2025,9
1,3,0 days 00:01:12.798000,0 days 00:01:12.358000,0 days 00:01:11.848000,max_verstappen,33,VER,http://en.wikipedia.org/wiki/Max_Verstappen,Max,Verstappen,1997-09-30,Dutch,red_bull,http://en.wikipedia.org/wiki/Red_Bull_Racing,Red Bull,Austrian,2025,9
63,4,0 days 00:01:12.806000,0 days 00:01:12.407000,0 days 00:01:11.848000,russell,63,RUS,http://en.wikipedia.org/wiki/George_Russell_(racing_driver),George,Russell,1998-02-15,British,mercedes,http://en.wikipedia.org/wiki/Mercedes-Benz_in_Formula_One,Mercedes,German,2025,9
44,5,0 days 00:01:13.058000,0 days 00:01:12.447000,0 days 00:01:12.045000,hamilton,44,HAM,http://en.wikipedia.org/wiki/Lewis_Hamilton,Lewis,Hamilton,1985-01-07,British,ferrari,http://en.wikipedia.org/wiki/Scuderia_Ferrari,Ferrari,Italian,2025,9
12,6,0 days 00:01:12.815000,0 days 00:01:12.585000,0 days 00:01:12.111000,antonelli,12,ANT,https://en.wikipedia.org/wiki/Andrea_Kimi_Antonelli,Andrea Kimi,Antonelli,2006-08-25,Italian,mercedes,http://en.wikipedia.org/wiki/Mercedes-Benz_in_Formula_One,Mercedes,German,2025,9
16,7,0 days 00:01:13.014000,0 days 00:01:12.495000,0 days 00:01:12.131000,leclerc,16,LEC,http://en.wikipedia.org/wiki/Charles_Leclerc,Charles,Leclerc,1997-10-16,Monegasque,ferrari,http://en.wikipedia.org/wiki/Scuderia_Ferrari,Ferrari,Italian,2025,9
10,8,0 days 00:01:13.081000,0 days 00:01:12.611000,0 days 00:01:12.199000,gasly,10,GAS,http://en.wikipedia.org/wiki/Pierre_Gasly,Pierre,Gasly,1996-02-07,French,alpine,http://en.wikipedia.org/wiki/Alpine_F1_Team,Alpine F1 Team,French,2025,9
6,9,0 days 00:01:13.139000,0 days 00:01:12.461000,0 days 00:01:12.252000,hadjar,6,HAD,https://en.wikipedia.org/wiki/Isack_Hadjar,Isack,Hadjar,2004-09-28,French,rb,http://en.wikipedia.org/wiki/RB_Formula_One_Team,RB F1 Team,Italian,2025,9
14,10,0 days 00:01:13.102000,0 days 00:01:12.523000,0 days 00:01:12.284000,alonso,14,ALO,http://en.wikipedia.org/wiki/Fernando_Alonso,Fernando,Alonso,1981-07-29,Spanish,aston_martin,http://en.wikipedia.org/wiki/Aston_Martin_in_Formula_One,Aston Martin,British,2025,9
23,11,0 days 00:01:13.044000,0 days 00:01:12.641000,,albon,23,ALB,http://en.wikipedia.org/wiki/Alexander_Albon,Alexander,Albon,1996-03-23,Thai,williams,http://en.wikipedia.org/wiki/Williams_Grand_Prix_Engineering,Williams,British,2025,9
5,12,0 days 00:01:13.045000,0 days 00:01:12.756000,,bortoleto,5,BOR,https://en.wikipedia.org/wiki/Gabriel_Bortoleto,Gabriel,Bortoleto,2004-10-14,Brazilian,sauber,http://en.wikipedia.org/wiki/Sauber_Motorsport,Sauber,Swiss,2025,9
30,13,0 days 00:01:13.039000,0 days 00:01:12.763000,,lawson,30,LAW,http://en.wikipedia.org/wiki/Liam_Lawson,Liam,Lawson,2002-02-11,New Zealander,rb,http://en.wikipedia.org/wiki/RB_Formula_One_Team,RB F1 Team,Italian,2025,9
18,14,0 days 00:01:13.038000,0 days 00:01:13.058000,,stroll,18,STR,http://en.wikipedia.org/wiki/Lance_Stroll,Lance,Stroll,1998-10-29,Canadian,aston_martin,http://en.wikipedia.org/wiki/Aston_Martin_in_Formula_One,Aston Martin,British,2025,9
87,15,0 days 00:01:13.074000,0 days 00:01:13.315000,,bearman,87,BEA,http://en.wikipedia.org/wiki/Oliver_Bearman,Oliver,Bearman,2005-05-08,British,haas,http://en.wikipedia.org/wiki/Haas_F1_Team,Haas F1 Team,American,2025,9
27,16,0 days 00:01:13.190000,,,hulkenberg,27,HUL,http://en.wikipedia.org/wiki/Nico_H%C3%BClkenberg,Nico,Hülkenberg,1987-08-19,German,sauber,http://en.wikipedia.org/wiki/Sauber_Motorsport,Sauber,Swiss,2025,9
31,17,0 days 00:01:13.201000,,,ocon,31,OCO,http://en.wikipedia.org/wiki/Esteban_Ocon,Esteban,Ocon,1996-09-17,French,haas,http://en.wikipedia.org/wiki/Haas_F1_Team,Haas F1 Team,American,2025,9
55,18,0 days 00:01:13.203000,,,sainz,55,SAI,http://en.wikipedia.org/wiki/Carlos_Sainz_Jr.,Carlos,Sainz,1994-09-01,Spanish,williams,http://en.wikipedia.org/wiki/Williams_Grand_Prix_Engineering,Williams,British,2025,9
43,19,0 days 00:01:13.334000,,,colapinto,43,COL,http://en.wikipedia.org/wiki/Franco_Colapinto,Franco,Colapinto,2003-05-27,Argentine,alpine,http://en.wikipedia.org/wiki/Alpine_F1_Team,Alpine F1 Team,French,2025,9
22,20,0 days 00:01:13.385000,,,tsunoda,22,TSU,http://en.wikipedia.org/wiki/Yuki_Tsunoda,Yuki,Tsunoda,2000-05-11,Japanese,red_bull,http://en.wikipedia.org/wiki/Red_Bull_Racing,Red Bull,Austrian,2025,9
63,1,0 days 00:01:12.075000,0 days 00:01:11.570000,0 days 00:01:10.899000,russell,63,RUS,http://en.wikipedia.org/wiki/George_Russell_(racing_driver),George,Russell,1998-02-15,British,mercedes,http://en.wikipedia.org/wiki/Mercedes-Benz_in_Formula_One,Mercedes,German,2025,10
1,2,0 days 00:01:12.054000,0 days 00:01:11.638000,0 days 00:01:11.059000,max_verstappen,33,VER,http://en.wikipedia.org/wiki/Max_Verstappen,Max,Verstappen,1997-09-30,Dutch,red_bull,http://en.wikipedia.org/wiki/Red_Bull_Racing,Red Bull,Austrian,2025,10
81,3,0 days 00:01:11.939000,0 days 00:01:11.715000,0 days 00:01:11.120000,piastri,81,PIA,http://en.wikipedia.org/wiki/Oscar_Piastri,Oscar,Piastri,2001-04-06,Australian,mclaren,http://en.wikipedia.org/wiki/McLaren,McLaren,British,2025,10
12,4,0 days 00:01:12.279000,0 days 00:01:11.974000,0 days 00:01:11.391000,antonelli,12,ANT,https://en.wikipedia.org/wiki/Andrea_Kimi_Antonelli,Andrea Kimi,Antonelli,2006-08-25,Italian,mercedes,http://en.wikipedia.org/wiki/Mercedes-Benz_in_Formula_One,Mercedes,German,2025,10
44,5,0 days 00:01:11.952000,0 days 00:01:11.885000,0 days 00:01:11.526000,hamilton,44,HAM,http://en.wikipedia.org/wiki/Lewis_Hamilton,Lewis,Hamilton,1985-01-07,British,ferrari,http://en.wikipedia.org/wiki/Scuderia_Ferrari,Ferrari,Italian,2025,10
14,6,0 days 00:01:12.073000,0 days 00:01:11.805000,0 days 00:01:11.586000,alonso,14,ALO,http://en.wikipedia.org/wiki/Fernando_Alonso,Fernando,Alonso,1981-07-29,Spanish,aston_martin,http://en.wikipedia.org/wiki/Aston_Martin_in_Formula_One,Aston Martin,British,2025,10
4,7,0 days 00:01:11.826000,0 days 00:01:11.599000,0 days 00:01:11.625000,norris,4,NOR,http://en.wikipedia.org/wiki/Lando_Norris,Lando,Norris,1999-11-13,British,mclaren,http://en.wikipedia.org/wiki/McLaren,McLaren,British,2025,10
16,8,0 days 00:01:12.038000,0 days 00:01:11.626000,0 days 00:01:11.682000,leclerc,16,LEC,http://en.wikipedia.org/wiki/Charles_Leclerc,Charles,Leclerc,1997-10-16,Monegasque,ferrari,http://en.wikipedia.org/wiki/Scuderia_Ferrari,Ferrari,Italian,2025,10
6,9,0 days 00:01:12.211000,0 days 00:01:12.003000,0 days 00:01:11.867000,hadjar,6,HAD,https://en.wikipedia.org/wiki/Isack_Hadjar,Isack,Hadjar,2004-09-28,French,rb,http://en.wikipedia.org/wiki/RB_Formula_One_Team,RB F1 Team,Italian,2025,10
23,10,0 days 00:01:12.090000,0 days 00:01:11.892000,0 days 00:01:11.907000,albon,23,ALB,http://en.wikipedia.org/wiki/Alexander_Albon,Alexander,Albon,1996-03-23,Thai,williams,http://en.wikipedia.org/wiki/Williams_Grand_Prix_Engineering,Williams,British,2025,10
22,11,0 days 00:01:12.334000,0 days 00:01:12.102000,,tsunoda,22,TSU,http://en.wikipedia.org/wiki/Yuki_Tsunoda,Yuki,Tsunoda,2000-05-11,Japanese,red_bull,http://en.wikipedia.org/wiki/Red_Bull_Racing,Red Bull,Austrian,2025,10
43,12,0 days 00:01:12.234000,0 days 00:01:12.142000,,colapinto,43,COL,http://en.wikipedia.org/wiki/Franco_Colapinto,Franco,Colapinto,2003-05-27,Argentine,alpine,http://en.wikipedia.org/wiki/Alpine_F1_Team,Alpine F1 Team,French,2025,10
27,13,0 days 00:01:12.323000,0 days 00:01:12.183000,,hulkenberg,27,HUL,http://en.wikipedia.org/wiki/Nico_H%C3%BClkenberg,Nico,Hülkenberg,1987-08-19,German,sauber,http://en.wikipedia.org/wiki/Sauber_Motorsport,Sauber,Swiss,2025,10
87,14,0 days 00:01:12.306000,0 days 00:01:12.340000,,bearman,87,BEA,http://en.wikipedia.org/wiki/Oliver_Bearman,Oliver,Bearman,2005-05-08,British,haas,http://en.wikipedia.org/wiki/Haas_F1_Team,Haas F1 Team,American,2025,10
31,15,0 days 00:01:12.378000,0 days 00:01:12.634000,,ocon,31,OCO,http://en.wikipedia.org/wiki/Esteban_Ocon,Esteban,Ocon,1996-09-17,French,haas,http://en.wikipedia.org/wiki/Haas_F1_Team,Haas F1 Team,American,2025,10
5,16,0 days 00:01:12.385000,,,bortoleto,5,BOR,https://en.wikipedia.org/wiki/Gabriel_Bortoleto,Gabriel,Bortoleto,2004-10-14,Brazilian,sauber,http://en.wikipedia.org/wiki/Sauber_Motorsport,Sauber,Swiss,2025,10
55,17,0 days 00:01:12.398000,,,sainz,55,SAI,http://en.wikipedia.org/wiki/Carlos_Sainz_Jr.,Carlos,Sainz,1994-09-01,Spanish,williams,http://en.wikipedia.org/wiki/Williams_Grand_Prix_Engineering,Williams,British,2025,10
18,18,0 days 00:01:12.517000,,,stroll,18,STR,http://en.wikipedia.org/wiki/Lance_Stroll,Lance,Stroll,1998-10-29,Canadian,aston_martin,http://en.wikipedia.org/wiki/Aston_Martin_in_Formula_One,Aston Martin,British,2025,10
30,19,0 days 00:01:12.525000,,,lawson,30,LAW,http://en.wikipedia.org/wiki/Liam_Lawson,Liam,Lawson,2002-02-11,New Zealander,rb,http://en.wikipedia.org/wiki/RB_Formula_One_Team,RB F1 Team,Italian,2025,10
10,20,0 days 00:01:12.667000,,,gasly,10,GAS,http://en.wikipedia.org/wiki/Pierre_Gasly,Pierre,Gasly,1996-02-07,French,alpine,http://en.wikipedia.org/wiki/Alpine_F1_Team,Alpine F1 Team,French,2025,10
4,1,0 days 00:01:04.672000,0 days 00:01:04.410000,0 days 00:01:03.971000,norris,4,NOR,http://en.wikipedia.org/wiki/Lando_Norris,Lando,Norris,1999-11-13,British,mclaren,http://en.wikipedia.org/wiki/McLaren,McLaren,British,2025,11
16,2,0 days 00:01:05.197000,0 days 00:01:04.734000,0 days 00:01:04.492000,leclerc,16,LEC,http://en.wikipedia.org/wiki/Charles_Leclerc,Charles,Leclerc,1997-10-16,Monegasque,ferrari,http://en.wikipedia.org/wiki/Scuderia_Ferrari,Ferrari,Italian,2025,11
81,3,0 days 00:01:04.966000,0 days 00:01:04.556000,0 days 00:01:04.554000,piastri,81,PIA,http://en.wikipedia.org/wiki/Oscar_Piastri,Oscar,Piastri,2001-04-06,Australian,mclaren,http://en.wikipedia.org/wiki/McLaren,McLaren,British,2025,11
44,4,0 days 00:01:05.115000,0 days 00:01:04.896000,0 days 00:01:04.582000,hamilton,44,HAM,http://en.wikipedia.org/wiki/Lewis_Hamilton,Lewis,Hamilton,1985-01-07,British,ferrari,http://en.wikipedia.org/wiki/Scuderia_Ferrari,Ferrari,Italian,2025,11
63,5,0 days 00:01:05.189000,0 days 00:01:04.860000,0 days 00:01:04.763000,russell,63,RUS,http://en.wikipedia.org/wiki/George_Russell_(racing_driver),George,Russell,1998-02-15,British,mercedes,http://en.wikipedia.org/wiki/Mercedes-Benz_in_Formula_One,Mercedes,German,2025,11
30,6,0 days 00:01:05.017000,0 days 00:01:05.041000,0 days 00:01:04.926000,lawson,30,LAW,http://en.wikipedia.org/wiki/Liam_Lawson,Liam,Lawson,2002-02-11,New Zealander,rb,http://en.wikipedia.org/wiki/RB_Formula_One_Team,RB F1 Team,Italian,2025,11
1,7,0 days 00:01:05.106000,0 days 00:01:04.836000,0 days 00:01:04.929000,max_verstappen,33,VER,http://en.wikipedia.org/wiki/Max_Verstappen,Max,Verstappen,1997-09-30,Dutch,red_bull,http://en.wikipedia.org/wiki/Red_Bull_Racing,Red Bull,Austrian,2025,11
5,8,0 days 00:01:05.123000,0 days 00:01:04.846000,0 days 00:01:05.132000,bortoleto,5,BOR,https://en.wikipedia.org/wiki/Gabriel_Bortoleto,Gabriel,Bortoleto,2004-10-14,Brazilian,sauber,http://en.wikipedia.org/wiki/Sauber_Motorsport,Sauber,Swiss,2025,11
12,9,0 days 00:01:05.178000,0 days 00:01:05.052000,0 days 00:01:05.276000,antonelli,12,ANT,https://en.wikipedia.org/wiki/Andrea_Kimi_Antonelli,Andrea Kimi,Antonelli,2006-08-25,Italian,mercedes,http://en.wikipedia.org/wiki/Mercedes-Benz_in_Formula_One,Mercedes,German,2025,11
10,10,0 days 00:01:05.054000,0 days 00:01:04.846000,0 days 00:01:05.649000,gasly,10,GAS,http://en.wikipedia.org/wiki/Pierre_Gasly,Pierre,Gasly,1996-02-07,French,alpine,http://en.wikipedia.org/wiki/Alpine_F1_Team,Alpine F1 Team,French,2025,11
14,11,0 days 00:01:05.197000,0 days 00:01:05.128000,,alonso,14,ALO,http://en.wikipedia.org/wiki/Fernando_Alonso,Fernando,Alonso,1981-07-29,Spanish,aston_martin,http://en.wikipedia.org/wiki/Aston_Martin_in_Formula_One,Aston Martin,British,2025,11
23,12,0 days 00:01:05.143000,0 days 00:01:05.205000,,albon,23,ALB,http://en.wikipedia.org/wiki/Alexander_Albon,Alexander,Albon,1996-03-23,Thai,williams,http://en.wikipedia.org/wiki/Williams_Grand_Prix_Engineering,Williams,British,2025,11
6,13,0 days 00:01:05.063000,0 days 00:01:05.226000,,hadjar,6,HAD,https://en.wikipedia.org/wiki/Isack_Hadjar,Isack,Hadjar,2004-09-28,French,rb,http://en.wikipedia.org/wiki/RB_Formula_One_Team,RB F1 Team,Italian,2025,11
43,14,0 days 00:01:05.278000,0 days 00:01:05.288000,,colapinto,43,COL,http://en.wikipedia.org/wiki/Franco_Colapinto,Franco,Colapinto,2003-05-27,Argentine,alpine,http://en.wikipedia.org/wiki/Alpine_F1_Team,Alpine F1 Team,French,2025,11
87,15,0 days 00:01:05.218000,0 days 00:01:05.312000,,bearman,87,BEA,http://en.wikipedia.org/wiki/Oliver_Bearman,Oliver,Bearman,2005-05-08,British,haas,http://en.wikipedia.org/wiki/Haas_F1_Team,Haas F1 Team,American,2025,11
18,16,0 days 00:01:05.329000,,,stroll,18,STR,http://en.wikipedia.org/wiki/Lance_Stroll,Lance,Stroll,1998-10-29,Canadian,aston_martin,http://en.wikipedia.org/wiki/Aston_Martin_in_Formula_One,Aston Martin,British,2025,11
31,17,0 days 00:01:05.364000,,,ocon,31,OCO,http://en.wikipedia.org/wiki/Esteban_Ocon,Esteban,Ocon,1996-09-17,French,haas,http://en.wikipedia.org/wiki/Haas_F1_Team,Haas F1 Team,American,2025,11
22,18,0 days 00:01:05.369000,,,tsunoda,22,TSU,http://en.wikipedia.org/wiki/Yuki_Tsunoda,Yuki,Tsunoda,2000-05-11,Japanese,red_bull,http://en.wikipedia.org/wiki/Red_Bull_Racing,Red Bull,Austrian,2025,11
55,19,0 days 00:01:05.582000,,,sainz,55,SAI,http://en.wikipedia.org/wiki/Carlos_Sainz_Jr.,Carlos,Sainz,1994-09-01,Spanish,williams,http://en.wikipedia.org/wiki/Williams_Grand_Prix_Engineering,Williams,British,2025,11
27,20,0 days 00:01:05.606000,,,hulkenberg,27,HUL,http://en.wikipedia.org/wiki/Nico_H%C3%BClkenberg,Nico,Hülkenberg,1987-08-19,German,sauber,http://en.wikipedia.org/wiki/Sauber_Motorsport,Sauber,Swiss,2025,11
1,1,0 days 00:01:25.886000,0 days 00:01:25.316000,0 days 00:01:24.892000,max_verstappen,33,VER,http://en.wikipedia.org/wiki/Max_Verstappen,Max,Verstappen,1997-09-30,Dutch,red_bull,http://en.wikipedia.org/wiki/Red_Bull_Racing,Red Bull,Austrian,2025,12
81,2,0 days 00:01:25.963000,0 days 00:01:25.316000,0 days 00:01:24.995000,piastri,81,PIA,http://en.wikipedia.org/wiki/Oscar_Piastri,Oscar,Piastri,2001-04-06,Australian,mclaren,http://en.wikipedia.org/wiki/McLaren,McLaren,British,2025,12
4,3,0 days 00:01:26.123000,0 days 00:01:25.231000,0 days 00:01:25.010000,norris,4,NOR,http://en.wikipedia.org/wiki/Lando_Norris,Lando,Norris,1999-11-13,British,mclaren,http://en.wikipedia.org/wiki/McLaren,McLaren,British,2025,12
63,4,0 days 00:01:26.236000,0 days 00:01:25.637000,0 days 00:01:25.029000,russell,63,RUS,http://en.wikipedia.org/wiki/George_Russell_(racing_driver),George,Russell,1998-02-15,British,mercedes,http://en.wikipedia.org/wiki/Mercedes-Benz_in_Formula_One,Mercedes,German,2025,12
44,5,0 days 00:01:26.296000,0 days 00:01:25.084000,0 days 00:01:25.095000,hamilton,44,HAM,http://en.wikipedia.org/wiki/Lewis_Hamilton,Lewis,Hamilton,1985-01-07,British,ferrari,http://en.wikipedia.org/wiki/Scuderia_Ferrari,Ferrari,Italian,2025,12
16,6,0 days 00:01:26.186000,0 days 00:01:25.133000,0 days 00:01:25.121000,leclerc,16,LEC,http://en.wikipedia.org/wiki/Charles_Leclerc,Charles,Leclerc,1997-10-16,Monegasque,ferrari,http://en.wikipedia.org/wiki/Scuderia_Ferrari,Ferrari,Italian,2025,12
12,7,0 days 00:01:26.265000,0 days 00:01:25.620000,0 days 00:01:25.374000,antonelli,12,ANT,https://en.wikipedia.org/wiki/Andrea_Kimi_Antonelli,Andrea Kimi,Antonelli,2006-08-25,Italian,mercedes,http://en.wikipedia.org/wiki/Mercedes-Benz_in_Formula_One,Mercedes,German,2025,12
87,8,0 days 00:01:26.005000,0 days 00:01:25.534000,0 days 00:01:25.471000,bearman,87,BEA,http://en.wikipedia.org/wiki/Oliver_Bearman,Oliver,Bearman,2005-05-08,British,haas,http://en.wikipedia.org/wiki/Haas_F1_Team,Haas F1 Team,American,2025,12
14,9,0 days 00:01:26.108000,0 days 00:01:25.593000,0 days 00:01:25.621000,alonso,14,ALO,http://en.wikipedia.org/wiki/Fernando_Alonso,Fernando,Alonso,1981-07-29,Spanish,aston_martin,http://en.wikipedia.org/wiki/Aston_Martin_in_Formula_One,Aston Martin,British,2025,12
10,10,0 days 00:01:26.328000,0 days 00:01:25.711000,0 days 00:01:25.785000,gasly,10,GAS,http://en.wikipedia.org/wiki/Pierre_Gasly,Pierre,Gasly,1996-02-07,French,alpine,http://en.wikipedia.org/wiki/Alpine_F1_Team,Alpine F1 Team,French,2025,12
55,11,0 days 00:01:26.175000,0 days 00:01:25.746000,,sainz,55,SAI,http://en.wikipedia.org/wiki/Carlos_Sainz_Jr.,Carlos,Sainz,1994-09-01,Spanish,williams,http://en.wikipedia.org/wiki/Williams_Grand_Prix_Engineering,Williams,British,2025,12
22,12,0 days 00:01:26.275000,0 days 00:01:25.826000,,tsunoda,22,TSU,http://en.wikipedia.org/wiki/Yuki_Tsunoda,Yuki,Tsunoda,2000-05-11,Japanese,red_bull,http://en.wikipedia.org/wiki/Red_Bull_Racing,Red Bull,Austrian,2025,12
6,13,0 days 00:01:26.177000,0 days 00:01:25.864000,,hadjar,6,HAD,https://en.wikipedia.org/wiki/Isack_Hadjar,Isack,Hadjar,2004-09-28,French,rb,http://en.wikipedia.org/wiki/RB_Formula_One_Team,RB F1 Team,Italian,2025,12
23,14,0 days 00:01:26.093000,0 days 00:01:25.889000,,albon,23,ALB,http://en.wikipedia.org/wiki/Alexander_Albon,Alexander,Albon,1996-03-23,Thai,williams,http://en.wikipedia.org/wiki/Williams_Grand_Prix_Engineering,Williams,British,2025,12
31,15,0 days 00:01:26.136000,0 days 00:01:25.950000,,ocon,31,OCO,http://en.wikipedia.org/wiki/Esteban_Ocon,Esteban,Ocon,1996-09-17,French,haas,http://en.wikipedia.org/wiki/Haas_F1_Team,Haas F1 Team,American,2025,12
30,16,0 days 00:01:26.440000,,,lawson,30,LAW,http://en.wikipedia.org/wiki/Liam_Lawson,Liam,Lawson,2002-02-11,New Zealander,rb,http://en.wikipedia.org/wiki/RB_Formula_One_Team,RB F1 Team,Italian,2025,12
5,17,0 days 00:01:26.446000,,,bortoleto,5,BOR,https://en.wikipedia.org/wiki/Gabriel_Bortoleto,Gabriel,Bortoleto,2004-10-14,Brazilian,sauber,http://en.wikipedia.org/wiki/Sauber_Motorsport,Sauber,Swiss,2025,12
18,18,0 days 00:01:26.504000,,,stroll,18,STR,http://en.wikipedia.org/wiki/Lance_Stroll,Lance,Stroll,1998-10-29,Canadian,aston_martin,http://en.wikipedia.org/wiki/Aston_Martin_in_Formula_One,Aston Martin,British,2025,12
27,19,0 days 00:01:26.574000,,,hulkenberg,27,HUL,http://en.wikipedia.org/wiki/Nico_H%C3%BClkenberg,Nico,Hülkenberg,1987-08-19,German,sauber,http://en.wikipedia.org/wiki/Sauber_Motorsport,Sauber,Swiss,2025,12
43,20,0 days 00:01:27.060000,,,colapinto,43,COL,http://en.wikipedia.org/wiki/Franco_Colapinto,Franco,Colapinto,2003-05-27,Argentine,alpine,http://en.wikipedia.org/wiki/Alpine_F1_Team,Alpine F1 Team,French,2025,12
4,1,0 days 00:01:41.010000,0 days 00:01:40.715000,0 days 00:01:40.562000,norris,4,NOR,http://en.wikipedia.org/wiki/Lando_Norris,Lando,Norris,1999-11-13,British,mclaren,http://en.wikipedia.org/wiki/McLaren,McLaren,British,2025,13
81,2,0 days 00:01:41.201000,0 days 00:01:40.626000,0 days 00:01:40.647000,piastri,81,PIA,http://en.wikipedia.org/wiki/Oscar_Piastri,Oscar,Piastri,2001-04-06,Australian,mclaren,http://en.wikipedia.org/wiki/McLaren,McLaren,British,2025,13
16,3,0 days 00:01:41.635000,0 days 00:01:41.084000,0 days 00:01:40.900000,leclerc,16,LEC,http://en.wikipedia.org/wiki/Charles_Leclerc,Charles,Leclerc,1997-10-16,Monegasque,ferrari,http://en.wikipedia.org/wiki/Scuderia_Ferrari,Ferrari,Italian,2025,13
1,4,0 days 00:01:41.334000,0 days 00:01:40.951000,0 days 00:01:40.903000,max_verstappen,33,VER,http://en.wikipedia.org/wiki/Max_Verstappen,Max,Verstappen,1997-09-30,Dutch,red_bull,http://en.wikipedia.org/wiki/Red_Bull_Racing,Red Bull,Austrian,2025,13
23,5,0 days 00:01:41.772000,0 days 00:01:41.505000,0 days 00:01:41.201000,albon,23,ALB,http://en.wikipedia.org/wiki/Alexander_Albon,Alexander,Albon,1996-03-23,Thai,williams,http://en.wikipedia.org/wiki/Williams_Grand_Prix_Engineering,Williams,British,2025,13
63,6,0 days 00:01:41.784000,0 days 00:01:41.254000,0 days 00:01:41.260000,russell,63,RUS,http://en.wikipedia.org/wiki/George_Russell_(racing_driver),George,Russell,1998-02-15,British,mercedes,http://en.wikipedia.org/wiki/Mercedes-Benz_in_Formula_One,Mercedes,German,2025,13
22,7,0 days 00:01:41.840000,0 days 00:01:41.245000,0 days 00:01:41.284000,tsunoda,22,TSU,http://en.wikipedia.org/wiki/Yuki_Tsunoda,Yuki,Tsunoda,2000-05-11,Japanese,red_bull,http://en.wikipedia.org/wiki/Red_Bull_Racing,Red Bull,Austrian,2025,13
6,8,0 days 00:01:41.572000,0 days 00:01:41.281000,0 days 00:01:41.310000,hadjar,6,HAD,https://en.wikipedia.org/wiki/Isack_Hadjar,Isack,Hadjar,2004-09-28,French,rb,http://en.wikipedia.org/wiki/RB_Formula_One_Team,RB F1 Team,Italian,2025,13
30,9,0 days 00:01:41.748000,0 days 00:01:41.297000,0 days 00:01:41.328000,lawson,30,LAW,http://en.wikipedia.org/wiki/Liam_Lawson,Liam,Lawson,2002-02-11,New Zealander,rb,http://en.wikipedia.org/wiki/RB_Formula_One_Team,RB F1 Team,Italian,2025,13
5,10,0 days 00:01:41.908000,0 days 00:01:41.336000,0 days 00:01:42.387000,bortoleto,5,BOR,https://en.wikipedia.org/wiki/Gabriel_Bortoleto,Gabriel,Bortoleto,2004-10-14,Brazilian,sauber,http://en.wikipedia.org/wiki/Sauber_Motorsport,Sauber,Swiss,2025,13
31,11,0 days 00:01:41.884000,0 days 00:01:41.525000,,ocon,31,OCO,http://en.wikipedia.org/wiki/Esteban_Ocon,Esteban,Ocon,1996-09-17,French,haas,http://en.wikipedia.org/wiki/Haas_F1_Team,Haas F1 Team,American,2025,13
87,12,0 days 00:01:41.617000,0 days 00:01:41.617000,,bearman,87,BEA,http://en.wikipedia.org/wiki/Oliver_Bearman,Oliver,Bearman,2005-05-08,British,haas,http://en.wikipedia.org/wiki/Haas_F1_Team,Haas F1 Team,American,2025,13
10,13,0 days 00:01:41.800000,0 days 00:01:41.633000,,gasly,10,GAS,http://en.wikipedia.org/wiki/Pierre_Gasly,Pierre,Gasly,1996-02-07,French,alpine,http://en.wikipedia.org/wiki/Alpine_F1_Team,Alpine F1 Team,French,2025,13
27,14,0 days 00:01:41.844000,0 days 00:01:41.707000,,hulkenberg,27,HUL,http://en.wikipedia.org/wiki/Nico_H%C3%BClkenberg,Nico,Hülkenberg,1987-08-19,German,sauber,http://en.wikipedia.org/wiki/Sauber_Motorsport,Sauber,Swiss,2025,13
55,15,0 days 00:01:41.691000,0 days 00:01:41.758000,,sainz,55,SAI,http://en.wikipedia.org/wiki/Carlos_Sainz_Jr.,Carlos,Sainz,1994-09-01,Spanish,williams,http://en.wikipedia.org/wiki/Williams_Grand_Prix_Engineering,Williams,British,2025,13
44,16,0 days 00:01:41.939000,,,hamilton,44,HAM,http://en.wikipedia.org/wiki/Lewis_Hamilton,Lewis,Hamilton,1985-01-07,British,ferrari,http://en.wikipedia.org/wiki/Scuderia_Ferrari,Ferrari,Italian,2025,13
43,17,0 days 00:01:42.022000,,,colapinto,43,COL,http://en.wikipedia.org/wiki/Franco_Colapinto,Franco,Colapinto,2003-05-27,Argentine,alpine,http://en.wikipedia.org/wiki/Alpine_F1_Team,Alpine F1 Team,French,2025,13
12,18,0 days 00:01:42.139000,,,antonelli,12,ANT,https://en.wikipedia.org/wiki/Andrea_Kimi_Antonelli,Andrea Kimi,Antonelli,2006-08-25,Italian,mercedes,http://en.wikipedia.org/wiki/Mercedes-Benz_in_Formula_One,Mercedes,German,2025,13
14,19,0 days 00:01:42.385000,,,alonso,14,ALO,http://en.wikipedia.org/wiki/Fernando_Alonso,Fernando,Alonso,1981-07-29,Spanish,aston_martin,http://en.wikipedia.org/wiki/Aston_Martin_in_Formula_One,Aston Martin,British,2025,13
18,20,0 days 00:01:42.502000,,,stroll,18,STR,http://en.wikipedia.org/wiki/Lance_Stroll,Lance,Stroll,1998-10-29,Canadian,aston_martin,http://en.wikipedia.org/wiki/Aston_Martin_in_Formula_One,Aston Martin,British,2025,13
16,1,0 days 00:01:15.582000,0 days 00:01:15.455000,0 days 00:01:15.372000,leclerc,16,LEC,http://en.wikipedia.org/wiki/Charles_Leclerc,Charles,Leclerc,1997-10-16,Monegasque,ferrari,http://en.wikipedia.org/wiki/Scuderia_Ferrari,Ferrari,Italian,2025,14
81,2,0 days 00:01:15.211000,0 days 00:01:14.941000,0 days 00:01:15.398000,piastri,81,PIA,http://en.wikipedia.org/wiki/Oscar_Piastri,Oscar,Piastri,2001-04-06,Australian,mclaren,http://en.wikipedia.org/wiki/McLaren,McLaren,British,2025,14
4,3,0 days 00:01:15.523000,0 days 00:01:14.890000,0 days 00:01:15.413000,norris,4,NOR,http://en.wikipedia.org/wiki/Lando_Norris,Lando,Norris,1999-11-13,British,mclaren,http://en.wikipedia.org/wiki/McLaren,McLaren,British,2025,14
63,4,0 days 00:01:15.627000,0 days 00:01:15.201000,0 days 00:01:15.425000,russell,63,RUS,http://en.wikipedia.org/wiki/George_Russell_(racing_driver),George,Russell,1998-02-15,British,mercedes,http://en.wikipedia.org/wiki/Mercedes-Benz_in_Formula_One,Mercedes,German,2025,14
14,5,0 days 00:01:15.281000,0 days 00:01:15.395000,0 days 00:01:15.481000,alonso,14,ALO,http://en.wikipedia.org/wiki/Fernando_Alonso,Fernando,Alonso,1981-07-29,Spanish,aston_martin,http://en.wikipedia.org/wiki/Aston_Martin_in_Formula_One,Aston Martin,British,2025,14
18,6,0 days 00:01:15.673000,0 days 00:01:15.129000,0 days 00:01:15.498000,stroll,18,STR,http://en.wikipedia.org/wiki/Lance_Stroll,Lance,Stroll,1998-10-29,Canadian,aston_martin,http://en.wikipedia.org/wiki/Aston_Martin_in_Formula_One,Aston Martin,British,2025,14
5,7,0 days 00:01:15.586000,0 days 00:01:15.687000,0 days 00:01:15.725000,bortoleto,5,BOR,https://en.wikipedia.org/wiki/Gabriel_Bortoleto,Gabriel,Bortoleto,2004-10-14,Brazilian,sauber,http://en.wikipedia.org/wiki/Sauber_Motorsport,Sauber,Swiss,2025,14
1,8,0 days 00:01:15.736000,0 days 00:01:15.547000,0 days 00:01:15.728000,max_verstappen,33,VER,http://en.wikipedia.org/wiki/Max_Verstappen,Max,Verstappen,1997-09-30,Dutch,red_bull,http://en.wikipedia.org/wiki/Red_Bull_Racing,Red Bull,Austrian,2025,14
30,9,0 days 00:01:15.849000,0 days 00:01:15.630000,0 days 00:01:15.821000,lawson,30,LAW,http://en.wikipedia.org/wiki/Liam_Lawson,Liam,Lawson,2002-02-11,New Zealander,rb,http://en.wikipedia.org/wiki/RB_Formula_One_Team,RB F1 Team,Italian,2025,14
6,10,0 days 00:01:15.516000,0 days 00:01:15.469000,0 days 00:01:15.915000,hadjar,6,HAD,https://en.wikipedia.org/wiki/Isack_Hadjar,Isack,Hadjar,2004-09-28,French,rb,http://en.wikipedia.org/wiki/RB_Formula_One_Team,RB F1 Team,Italian,2025,14
87,11,0 days 00:01:15.750000,0 days 00:01:15.694000,,bearman,87,BEA,http://en.wikipedia.org/wiki/Oliver_Bearman,Oliver,Bearman,2005-05-08,British,haas,http://en.wikipedia.org/wiki/Haas_F1_Team,Haas F1 Team,American,2025,14
44,12,0 days 00:01:15.733000,0 days 00:01:15.702000,,hamilton,44,HAM,http://en.wikipedia.org/wiki/Lewis_Hamilton,Lewis,Hamilton,1985-01-07,British,ferrari,http://en.wikipedia.org/wiki/Scuderia_Ferrari,Ferrari,Italian,2025,14
55,13,0 days 00:01:15.652000,0 days 00:01:15.781000,,sainz,55,SAI,http://en.wikipedia.org/wiki/Carlos_Sainz_Jr.,Carlos,Sainz,1994-09-01,Spanish,williams,http://en.wikipedia.org/wiki/Williams_Grand_Prix_Engineering,Williams,British,2025,14
43,14,0 days 00:01:15.875000,0 days 00:01:16.159000,,colapinto,43,COL,http://en.wikipedia.org/wiki/Franco_Colapinto,Franco,Colapinto,2003-05-27,Argentine,alpine,http://en.wikipedia.org/wiki/Alpine_F1_Team,Alpine F1 Team,French,2025,14
12,15,0 days 00:01:15.782000,0 days 00:01:16.386000,,antonelli,12,ANT,https://en.wikipedia.org/wiki/Andrea_Kimi_Antonelli,Andrea Kimi,Antonelli,2006-08-25,Italian,mercedes,http://en.wikipedia.org/wiki/Mercedes-Benz_in_Formula_One,Mercedes,German,2025,14
22,16,0 days 00:01:15.899000,,,tsunoda,22,TSU,http://en.wikipedia.org/wiki/Yuki_Tsunoda,Yuki,Tsunoda,2000-05-11,Japanese,red_bull,http://en.wikipedia.org/wiki/Red_Bull_Racing,Red Bull,Austrian,2025,14
10,17,0 days 00:01:15.966000,,,gasly,10,GAS,http://en.wikipedia.org/wiki/Pierre_Gasly,Pierre,Gasly,1996-02-07,French,alpine,http://en.wikipedia.org/wiki/Alpine_F1_Team,Alpine F1 Team,French,2025,14
31,18,0 days 00:01:16.023000,,,ocon,31,OCO,http://en.wikipedia.org/wiki/Esteban_Ocon,Esteban,Ocon,1996-09-17,French,haas,http://en.wikipedia.org/wiki/Haas_F1_Team,Haas F1 Team,American,2025,14
27,19,0 days 00:01:16.081000,,,hulkenberg,27,HUL,http://en.wikipedia.org/wiki/Nico_H%C3%BClkenberg,Nico,Hülkenberg,1987-08-19,German,sauber,http://en.wikipedia.org/wiki/Sauber_Motorsport,Sauber,Swiss,2025,14
23,20,0 days 00:01:16.223000,,,albon,23,ALB,http://en.wikipedia.org/wiki/Alexander_Albon,Alexander,Albon,1996-03-23,Thai,williams,http://en.wikipedia.org/wiki/Williams_Grand_Prix_Engineering,Williams,British,2025,14
81,1,0 days 00:01:09.338000,0 days 00:01:08.964000,0 days 00:01:08.662000,piastri,81,PIA,http://en.wikipedia.org/wiki/Oscar_Piastri,Oscar,Piastri,2001-04-06,Australian,mclaren,http://en.wikipedia.org/wiki/McLaren,McLaren,British,2025,15
4,2,0 days 00:01:09.469000,0 days 00:01:08.874000,0 days 00:01:08.674000,norris,4,NOR,http://en.wikipedia.org/wiki/Lando_Norris,Lando,Norris,1999-11-13,British,mclaren,http://en.wikipedia.org/wiki/McLaren,McLaren,British,2025,15
1,3,0 days 00:01:09.696000,0 days 00:01:09.122000,0 days 00:01:08.925000,max_verstappen,33,VER,http://en.wikipedia.org/wiki/Max_Verstappen,Max,Verstappen,1997-09-30,Dutch,red_bull,http://en.wikipedia.org/wiki/Red_Bull_Racing,Red Bull,Austrian,2025,15
6,4,0 days 00:01:09.966000,0 days 00:01:09.439000,0 days 00:01:09.208000,hadjar,6,HAD,https://en.wikipedia.org/wiki/Isack_Hadjar,Isack,Hadjar,2004-09-28,French,rb,http://en.wikipedia.org/wiki/RB_Formula_One_Team,RB F1 Team,Italian,2025,15
63,5,0 days 00:01:09.676000,0 days 00:01:09.313000,0 days 00:01:09.255000,russell,63,RUS,http://en.wikipedia.org/wiki/George_Russell_(racing_driver),George,Russell,1998-02-15,British,mercedes,http://en.wikipedia.org/wiki/Mercedes-Benz_in_Formula_One,Mercedes,German,2025,15
16,6,0 days 00:01:09.906000,0 days 00:01:09.304000,0 days 00:01:09.340000,leclerc,16,LEC,http://en.wikipedia.org/wiki/Charles_Leclerc,Charles,Leclerc,1997-10-16,Monegasque,ferrari,http://en.wikipedia.org/wiki/Scuderia_Ferrari,Ferrari,Italian,2025,15
44,7,0 days 00:01:09.900000,0 days 00:01:09.261000,0 days 00:01:09.390000,hamilton,44,HAM,http://en.wikipedia.org/wiki/Lewis_Hamilton,Lewis,Hamilton,1985-01-07,British,ferrari,http://en.wikipedia.org/wiki/Scuderia_Ferrari,Ferrari,Italian,2025,15
30,8,0 days 00:01:09.779000,0 days 00:01:09.383000,0 days 00:01:09.500000,lawson,30,LAW,http://en.wikipedia.org/wiki/Liam_Lawson,Liam,Lawson,2002-02-11,New Zealander,rb,http://en.wikipedia.org/wiki/RB_Formula_One_Team,RB F1 Team,Italian,2025,15
55,9,0 days 00:01:09.980000,0 days 00:01:09.472000,0 days 00:01:09.505000,sainz,55,SAI,http://en.wikipedia.org/wiki/Carlos_Sainz_Jr.,Carlos,Sainz,1994-09-01,Spanish,williams,http://en.wikipedia.org/wiki/Williams_Grand_Prix_Engineering,Williams,British,2025,15
14,10,0 days 00:01:09.950000,0 days 00:01:09.366000,0 days 00:01:09.630000,alonso,14,ALO,http://en.wikipedia.org/wiki/Fernando_Alonso,Fernando,Alonso,1981-07-29,Spanish,aston_martin,http://en.wikipedia.org/wiki/Aston_Martin_in_Formula_One,Aston Martin,British,2025,15
12,11,0 days 00:01:09.845000,0 days 00:01:09.493000,,antonelli,12,ANT,https://en.wikipedia.org/wiki/Andrea_Kimi_Antonelli,Andrea Kimi,Antonelli,2006-08-25,Italian,mercedes,http://en.wikipedia.org/wiki/Mercedes-Benz_in_Formula_One,Mercedes,German,2025,15
22,12,0 days 00:01:09.954000,0 days 00:01:09.622000,,tsunoda,22,TSU,http://en.wikipedia.org/wiki/Yuki_Tsunoda,Yuki,Tsunoda,2000-05-11,Japanese,red_bull,http://en.wikipedia.org/wiki/Red_Bull_Racing,Red Bull,Austrian,2025,15
5,13,0 days 00:01:10.037000,0 days 00:01:09.622000,,bortoleto,5,BOR,https://en.wikipedia.org/wiki/Gabriel_Bortoleto,Gabriel,Bortoleto,2004-10-14,Brazilian,sauber,http://en.wikipedia.org/wiki/Sauber_Motorsport,Sauber,Swiss,2025,15
10,14,0 days 00:01:09.894000,0 days 00:01:09.637000,,gasly,10,GAS,http://en.wikipedia.org/wiki/Pierre_Gasly,Pierre,Gasly,1996-02-07,French,alpine,http://en.wikipedia.org/wiki/Alpine_F1_Team,Alpine F1 Team,French,2025,15
23,15,0 days 00:01:09.792000,0 days 00:01:09.652000,,albon,23,ALB,http://en.wikipedia.org/wiki/Alexander_Albon,Alexander,Albon,1996-03-23,Thai,williams,http://en.wikipedia.org/wiki/Williams_Grand_Prix_Engineering,Williams,British,2025,15
43,16,0 days 00:01:10.104000,,,colapinto,43,COL,http://en.wikipedia.org/wiki/Franco_Colapinto,Franco,Colapinto,2003-05-27,Argentine,alpine,http://en.wikipedia.org/wiki/Alpine_F1_Team,Alpine F1 Team,French,2025,15
27,17,0 days 00:01:10.195000,,,hulkenberg,27,HUL,http://en.wikipedia.org/wiki/Nico_H%C3%BClkenberg,Nico,Hülkenberg,1987-08-19,German,sauber,http://en.wikipedia.org/wiki/Sauber_Motorsport,Sauber,Swiss,2025,15
31,18,0 days 00:01:10.197000,,,ocon,31,OCO,http://en.wikipedia.org/wiki/Esteban_Ocon,Esteban,Ocon,1996-09-17,French,haas,http://en.wikipedia.org/wiki/Haas_F1_Team,Haas F1 Team,American,2025,15
87,19,0 days 00:01:10.262000,,,bearman,87,BEA,http://en.wikipedia.org/wiki/Oliver_Bearman,Oliver,Bearman,2005-05-08,British,haas,http://en.wikipedia.org/wiki/Haas_F1_Team,Haas F1 Team,American,2025,15
18,20,,,,stroll,18,STR,http://en.wikipedia.org/wiki/Lance_Stroll,Lance,Stroll,1998-10-29,Canadian,aston_martin,http://en.wikipedia.org/wiki/Aston_Martin_in_Formula_One,Aston Martin,British,2025,15
1,1,0 days 00:01:19.455000,0 days 00:01:19.140000,0 days 00:01:18.792000,max_verstappen,33,VER,http://en.wikipedia.org/wiki/Max_Verstappen,Max,Verstappen,1997-09-30,Dutch,red_bull,http://en.wikipedia.org/wiki/Red_Bull_Racing,Red Bull,Austrian,2025,16
4,2,0 days 00:01:19.517000,0 days 00:01:19.293000,0 days 00:01:18.869000,norris,4,NOR,http://en.wikipedia.org/wiki/Lando_Norris,Lando,Norris,1999-11-13,British,mclaren,http://en.wikipedia.org/wiki/McLaren,McLaren,British,2025,16
81,3,0 days 00:01:19.711000,0 days 00:01:19.286000,0 days 00:01:18.982000,piastri,81,PIA,http://en.wikipedia.org/wiki/Oscar_Piastri,Oscar,Piastri,2001-04-06,Australian,mclaren,http://en.wikipedia.org/wiki/McLaren,McLaren,British,2025,16
16,4,0 days 00:01:19.689000,0 days 00:01:19.310000,0 days 00:01:19.007000,leclerc,16,LEC,http://en.wikipedia.org/wiki/Charles_Leclerc,Charles,Leclerc,1997-10-16,Monegasque,ferrari,http://en.wikipedia.org/wiki/Scuderia_Ferrari,Ferrari,Italian,2025,16
44,5,0 days 00:01:19.765000,0 days 00:01:19.371000,0 days 00:01:19.124000,hamilton,44,HAM,http://en.wikipedia.org/wiki/Lewis_Hamilton,Lewis,Hamilton,1985-01-07,British,ferrari,http://en.wikipedia.org/wiki/Scuderia_Ferrari,Ferrari,Italian,2025,16
63,6,0 days 00:01:19.414000,0 days 00:01:19.287000,0 days 00:01:19.157000,russell,63,RUS,http://en.wikipedia.org/wiki/George_Russell_(racing_driver),George,Russell,1998-02-15,British,mercedes,http://en.wikipedia.org/wiki/Mercedes-Benz_in_Formula_One,Mercedes,German,2025,16
12,7,0 days 00:01:19.747000,0 days 00:01:19.245000,0 days 00:01:19.200000,antonelli,12,ANT,https://en.wikipedia.org/wiki/Andrea_Kimi_Antonelli,Andrea Kimi,Antonelli,2006-08-25,Italian,mercedes,http://en.wikipedia.org/wiki/Mercedes-Benz_in_Formula_One,Mercedes,German,2025,16
5,8,0 days 00:01:19.688000,0 days 00:01:19.323000,0 days 00:01:19.390000,bortoleto,5,BOR,https://en.wikipedia.org/wiki/Gabriel_Bortoleto,Gabriel,Bortoleto,2004-10-14,Brazilian,sauber,http://en.wikipedia.org/wiki/Sauber_Motorsport,Sauber,Swiss,2025,16
14,9,0 days 00:01:19.658000,0 days 00:01:19.362000,0 days 00:01:19.424000,alonso,14,ALO,http://en.wikipedia.org/wiki/Fernando_Alonso,Fernando,Alonso,1981-07-29,Spanish,aston_martin,http://en.wikipedia.org/wiki/Aston_Martin_in_Formula_One,Aston Martin,British,2025,16
22,10,0 days 00:01:19.619000,0 days 00:01:19.433000,0 days 00:01:19.519000,tsunoda,22,TSU,http://en.wikipedia.org/wiki/Yuki_Tsunoda,Yuki,Tsunoda,2000-05-11,Japanese,red_bull,http://en.wikipedia.org/wiki/Red_Bull_Racing,Red Bull,Austrian,2025,16
87,11,0 days 00:01:19.688000,0 days 00:01:19.446000,,bearman,87,BEA,http://en.wikipedia.org/wiki/Oliver_Bearman,Oliver,Bearman,2005-05-08,British,haas,http://en.wikipedia.org/wiki/Haas_F1_Team,Haas F1 Team,American,2025,16
27,12,0 days 00:01:19.777000,0 days 00:01:19.498000,,hulkenberg,27,HUL,http://en.wikipedia.org/wiki/Nico_H%C3%BClkenberg,Nico,Hülkenberg,1987-08-19,German,sauber,http://en.wikipedia.org/wiki/Sauber_Motorsport,Sauber,Swiss,2025,16
55,13,0 days 00:01:19.644000,0 days 00:01:19.528000,,sainz,55,SAI,http://en.wikipedia.org/wiki/Carlos_Sainz_Jr.,Carlos,Sainz,1994-09-01,Spanish,williams,http://en.wikipedia.org/wiki/Williams_Grand_Prix_Engineering,Williams,British,2025,16
23,14,0 days 00:01:19.837000,0 days 00:01:19.583000,,albon,23,ALB,http://en.wikipedia.org/wiki/Alexander_Albon,Alexander,Albon,1996-03-23,Thai,williams,http://en.wikipedia.org/wiki/Williams_Grand_Prix_Engineering,Williams,British,2025,16
31,15,0 days 00:01:19.816000,0 days 00:01:19.707000,,ocon,31,OCO,http://en.wikipedia.org/wiki/Esteban_Ocon,Esteban,Ocon,1996-09-17,French,haas,http://en.wikipedia.org/wiki/Haas_F1_Team,Haas F1 Team,American,2025,16
6,16,0 days 00:01:19.917000,,,hadjar,6,HAD,https://en.wikipedia.org/wiki/Isack_Hadjar,Isack,Hadjar,2004-09-28,French,rb,http://en.wikipedia.org/wiki/RB_Formula_One_Team,RB F1 Team,Italian,2025,16
18,17,0 days 00:01:19.948000,,,stroll,18,STR,http://en.wikipedia.org/wiki/Lance_Stroll,Lance,Stroll,1998-10-29,Canadian,aston_martin,http://en.wikipedia.org/wiki/Aston_Martin_in_Formula_One,Aston Martin,British,2025,16
43,18,0 days 00:01:19.992000,,,colapinto,43,COL,http://en.wikipedia.org/wiki/Franco_Colapinto,Franco,Colapinto,2003-05-27,Argentine,alpine,http://en.wikipedia.org/wiki/Alpine_F1_Team,Alpine F1 Team,French,2025,16
10,19,0 days 00:01:20.103000,,,gasly,10,GAS,http://en.wikipedia.org/wiki/Pierre_Gasly,Pierre,Gasly,1996-02-07,French,alpine,http://en.wikipedia.org/wiki/Alpine_F1_Team,Alpine F1 Team,French,2025,16
30,20,0 days 00:01:20.279000,,,lawson,30,LAW,http://en.wikipedia.org/wiki/Liam_Lawson,Liam,Lawson,2002-02-11,New Zealander,rb,http://en.wikipedia.org/wiki/RB_Formula_One_Team,RB F1 Team,Italian,2025,16
1,1,0 days 00:01:41.331000,0 days 00:01:41.255000,0 days 00:01:41.117000,max_verstappen,33,VER,http://en.wikipedia.org/wiki/Max_Verstappen,Max,Verstappen,1997-09-30,Dutch,red_bull,http://en.wikipedia.org/wiki/Red_Bull_Racing,Red Bull,Austrian,2025,17
55,2,0 days 00:01:42.635000,0 days 00:01:41.675000,0 days 00:01:41.595000,sainz,55,SAI,http://en.wikipedia.org/wiki/Carlos_Sainz_Jr.,Carlos,Sainz,1994-09-01,Spanish,williams,http://en.wikipedia.org/wiki/Williams_Grand_Prix_Engineering,Williams,British,2025,17
30,3,0 days 00:01:42.257000,0 days 00:01:41.537000,0 days 00:01:41.707000,lawson,30,LAW,http://en.wikipedia.org/wiki/Liam_Lawson,Liam,Lawson,2002-02-11,New Zealander,rb,http://en.wikipedia.org/wiki/RB_Formula_One_Team,RB F1 Team,Italian,2025,17
12,4,0 days 00:01:42.247000,0 days 00:01:41.464000,0 days 00:01:41.717000,antonelli,12,ANT,https://en.wikipedia.org/wiki/Andrea_Kimi_Antonelli,Andrea Kimi,Antonelli,2006-08-25,Italian,mercedes,http://en.wikipedia.org/wiki/Mercedes-Benz_in_Formula_One,Mercedes,German,2025,17
63,5,0 days 00:01:41.646000,0 days 00:01:41.455000,0 days 00:01:42.070000,russell,63,RUS,http://en.wikipedia.org/wiki/George_Russell_(racing_driver),George,Russell,1998-02-15,British,mercedes,http://en.wikipedia.org/wiki/Mercedes-Benz_in_Formula_One,Mercedes,German,2025,17
22,6,0 days 00:01:42.347000,0 days 00:01:41.788000,0 days 00:01:42.143000,tsunoda,22,TSU,http://en.wikipedia.org/wiki/Yuki_Tsunoda,Yuki,Tsunoda,2000-05-11,Japanese,red_bull,http://en.wikipedia.org/wiki/Red_Bull_Racing,Red Bull,Austrian,2025,17
4,7,0 days 00:01:41.322000,0 days 00:01:41.396000,0 days 00:01:42.239000,norris,4,NOR,http://en.wikipedia.org/wiki/Lando_Norris,Lando,Norris,1999-11-13,British,mclaren,http://en.wikipedia.org/wiki/McLaren,McLaren,British,2025,17
6,8,0 days 00:01:41.656000,0 days 00:01:41.647000,0 days 00:01:42.372000,hadjar,6,HAD,https://en.wikipedia.org/wiki/Isack_Hadjar,Isack,Hadjar,2004-09-28,French,rb,http://en.wikipedia.org/wiki/RB_Formula_One_Team,RB F1 Team,Italian,2025,17
81,9,0 days 00:01:41.839000,0 days 00:01:41.414000,,piastri,81,PIA,http://en.wikipedia.org/wiki/Oscar_Piastri,Oscar,Piastri,2001-04-06,Australian,mclaren,http://en.wikipedia.org/wiki/McLaren,McLaren,British,2025,17
16,10,0 days 00:01:41.458000,0 days 00:01:41.519000,,leclerc,16,LEC,http://en.wikipedia.org/wiki/Charles_Leclerc,Charles,Leclerc,1997-10-16,Monegasque,ferrari,http://en.wikipedia.org/wiki/Scuderia_Ferrari,Ferrari,Italian,2025,17
14,11,0 days 00:01:42.211000,0 days 00:01:41.857000,,alonso,14,ALO,http://en.wikipedia.org/wiki/Fernando_Alonso,Fernando,Alonso,1981-07-29,Spanish,aston_martin,http://en.wikipedia.org/wiki/Aston_Martin_in_Formula_One,Aston Martin,British,2025,17
44,12,0 days 00:01:41.821000,0 days 00:01:42.183000,,hamilton,44,HAM,http://en.wikipedia.org/wiki/Lewis_Hamilton,Lewis,Hamilton,1985-01-07,British,ferrari,http://en.wikipedia.org/wiki/Scuderia_Ferrari,Ferrari,Italian,2025,17
5,13,0 days 00:01:42.511000,0 days 00:01:42.277000,,bortoleto,5,BOR,https://en.wikipedia.org/wiki/Gabriel_Bortoleto,Gabriel,Bortoleto,2004-10-14,Brazilian,sauber,http://en.wikipedia.org/wiki/Sauber_Motorsport,Sauber,Swiss,2025,17
18,14,0 days 00:01:42.101000,0 days 00:01:43.061000,,stroll,18,STR,http://en.wikipedia.org/wiki/Lance_Stroll,Lance,Stroll,1998-10-29,Canadian,aston_martin,http://en.wikipedia.org/wiki/Aston_Martin_in_Formula_One,Aston Martin,British,2025,17
87,15,0 days 00:01:42.666000,,,bearman,87,BEA,http://en.wikipedia.org/wiki/Oliver_Bearman,Oliver,Bearman,2005-05-08,British,haas,http://en.wikipedia.org/wiki/Haas_F1_Team,Haas F1 Team,American,2025,17
43,16,0 days 00:01:42.779000,,,colapinto,43,COL,http://en.wikipedia.org/wiki/Franco_Colapinto,Franco,Colapinto,2003-05-27,Argentine,alpine,http://en.wikipedia.org/wiki/Alpine_F1_Team,Alpine F1 Team,French,2025,17
27,17,0 days 00:01:42.916000,,,hulkenberg,27,HUL,http://en.wikipedia.org/wiki/Nico_H%C3%BClkenberg,Nico,Hülkenberg,1987-08-19,German,sauber,http://en.wikipedia.org/wiki/Sauber_Motorsport,Sauber,Swiss,2025,17
10,18,0 days 00:01:43.139000,,,gasly,10,GAS,http://en.wikipedia.org/wiki/Pierre_Gasly,Pierre,Gasly,1996-02-07,French,alpine,http://en.wikipedia.org/wiki/Alpine_F1_Team,Alpine F1 Team,French,2025,17
23,19,0 days 00:01:43.778000,,,albon,23,ALB,http://en.wikipedia.org/wiki/Alexander_Albon,Alexander,Albon,1996-03-23,Thai,williams,http://en.wikipedia.org/wiki/Williams_Grand_Prix_Engineering,Williams,British,2025,17
31,20,,,,ocon,31,OCO,http://en.wikipedia.org/wiki/Esteban_Ocon,Esteban,Ocon,1996-09-17,French,haas,http://en.wikipedia.org/wiki/Haas_F1_Team,Haas F1 Team,American,2025,17
63,1,0 days 00:01:29.928000,0 days 00:01:29.562000,0 days 00:01:29.158000,russell,63,RUS,http://en.wikipedia.org/wiki/George_Russell_(racing_driver),George,Russell,1998-02-15,British,mercedes,http://en.wikipedia.org/wiki/Mercedes-Benz_in_Formula_One,Mercedes,German,2025,18
1,2,0 days 00:01:30.028000,0 days 00:01:29.572000,0 days 00:01:29.340000,max_verstappen,33,VER,http://en.wikipedia.org/wiki/Max_Verstappen,Max,Verstappen,1997-09-30,Dutch,red_bull,http://en.wikipedia.org/wiki/Red_Bull_Racing,Red Bull,Austrian,2025,18
81,3,0 days 00:01:30.313000,0 days 00:01:29.813000,0 days 00:01:29.524000,piastri,81,PIA,http://en.wikipedia.org/wiki/Oscar_Piastri,Oscar,Piastri,2001-04-06,Australian,mclaren,http://en.wikipedia.org/wiki/McLaren,McLaren,British,2025,18
12,4,0 days 00:01:30.036000,0 days 00:01:29.649000,0 days 00:01:29.537000,antonelli,12,ANT,https://en.wikipedia.org/wiki/Andrea_Kimi_Antonelli,Andrea Kimi,Antonelli,2006-08-25,Italian,mercedes,http://en.wikipedia.org/wiki/Mercedes-Benz_in_Formula_One,Mercedes,German,2025,18
4,5,0 days 00:01:29.932000,0 days 00:01:29.809000,0 days 00:01:29.586000,norris,4,NOR,http://en.wikipedia.org/wiki/Lando_Norris,Lando,Norris,1999-11-13,British,mclaren,http://en.wikipedia.org/wiki/McLaren,McLaren,British,2025,18
44,6,0 days 00:01:29.765000,0 days 00:01:29.936000,0 days 00:01:29.688000,hamilton,44,HAM,http://en.wikipedia.org/wiki/Lewis_Hamilton,Lewis,Hamilton,1985-01-07,British,ferrari,http://en.wikipedia.org/wiki/Scuderia_Ferrari,Ferrari,Italian,2025,18
16,7,0 days 00:01:30.370000,0 days 00:01:29.914000,0 days 00:01:29.784000,leclerc,16,LEC,http://en.wikipedia.org/wiki/Charles_Leclerc,Charles,Leclerc,1997-10-16,Monegasque,ferrari,http://en.wikipedia.org/wiki/Scuderia_Ferrari,Ferrari,Italian,2025,18
6,8,0 days 00:01:30.214000,0 days 00:01:30.016000,0 days 00:01:29.846000,hadjar,6,HAD,https://en.wikipedia.org/wiki/Isack_Hadjar,Isack,Hadjar,2004-09-28,French,rb,http://en.wikipedia.org/wiki/RB_Formula_One_Team,RB F1 Team,Italian,2025,18
87,9,0 days 00:01:30.420000,0 days 00:01:30.076000,0 days 00:01:29.868000,bearman,87,BEA,http://en.wikipedia.org/wiki/Oliver_Bearman,Oliver,Bearman,2005-05-08,British,haas,http://en.wikipedia.org/wiki/Haas_F1_Team,Haas F1 Team,American,2025,18
14,10,0 days 00:01:30.745000,0 days 00:01:30.054000,0 days 00:01:29.955000,alonso,14,ALO,http://en.wikipedia.org/wiki/Fernando_Alonso,Fernando,Alonso,1981-07-29,Spanish,aston_martin,http://en.wikipedia.org/wiki/Aston_Martin_in_Formula_One,Aston Martin,British,2025,18
27,11,0 days 00:01:30.715000,0 days 00:01:30.141000,,hulkenberg,27,HUL,http://en.wikipedia.org/wiki/Nico_H%C3%BClkenberg,Nico,Hülkenberg,1987-08-19,German,sauber,http://en.wikipedia.org/wiki/Sauber_Motorsport,Sauber,Swiss,2025,18
30,12,0 days 00:01:30.681000,0 days 00:01:30.320000,,lawson,30,LAW,http://en.wikipedia.org/wiki/Liam_Lawson,Liam,Lawson,2002-02-11,New Zealander,rb,http://en.wikipedia.org/wiki/RB_Formula_One_Team,RB F1 Team,Italian,2025,18
22,13,0 days 00:01:30.574000,0 days 00:01:30.353000,,tsunoda,22,TSU,http://en.wikipedia.org/wiki/Yuki_Tsunoda,Yuki,Tsunoda,2000-05-11,Japanese,red_bull,http://en.wikipedia.org/wiki/Red_Bull_Racing,Red Bull,Austrian,2025,18
5,14,0 days 00:01:30.820000,,,bortoleto,5,BOR,https://en.wikipedia.org/wiki/Gabriel_Bortoleto,Gabriel,Bortoleto,2004-10-14,Brazilian,sauber,http://en.wikipedia.org/wiki/Sauber_Motorsport,Sauber,Swiss,2025,18
18,15,0 days 00:01:30.949000,,,stroll,18,STR,http://en.wikipedia.org/wiki/Lance_Stroll,Lance,Stroll,1998-10-29,Canadian,aston_martin,http://en.wikipedia.org/wiki/Aston_Martin_in_Formula_One,Aston Martin,British,2025,18
43,16,0 days 00:01:30.982000,,,colapinto,43,COL,http://en.wikipedia.org/wiki/Franco_Colapinto,Franco,Colapinto,2003-05-27,Argentine,alpine,http://en.wikipedia.org/wiki/Alpine_F1_Team,Alpine F1 Team,French,2025,18
31,17,0 days 00:01:30.989000,,,ocon,31,OCO,http://en.wikipedia.org/wiki/Esteban_Ocon,Esteban,Ocon,1996-09-17,French,haas,http://en.wikipedia.org/wiki/Haas_F1_Team,Haas F1 Team,American,2025,18
10,18,0 days 00:01:31.261000,,,gasly,10,GAS,http://en.wikipedia.org/wiki/Pierre_Gasly,Pierre,Gasly,1996-02-07,French,alpine,http://en.wikipedia.org/wiki/Alpine_F1_Team,Alpine F1 Team,French,2025,18
23,19,,,,albon,23,ALB,http://en.wikipedia.org/wiki/Alexander_Albon,Alexander,Albon,1996-03-23,Thai,williams,http://en.wikipedia.org/wiki/Williams_Grand_Prix_Engineering,Williams,British,2025,18
55,20,,,,sainz,55,SAI,http://en.wikipedia.org/wiki/Carlos_Sainz_Jr.,Carlos,Sainz,1994-09-01,Spanish,williams,http://en.wikipedia.org/wiki/Williams_Grand_Prix_Engineering,Williams,British,2025,18
1,1,0 days 00:01:33.207000,0 days 00:01:32.701000,0 days 00:01:32.510000,max_verstappen,33,VER,http://en.wikipedia.org/wiki/Max_Verstappen,Max,Verstappen,1997-09-30,Dutch,red_bull,http://en.wikipedia.org/wiki/Red_Bull_Racing,Red Bull,Austrian,2025,19
4,2,0 days 00:01:33.843000,0 days 00:01:32.876000,0 days 00:01:32.801000,norris,4,NOR,http://en.wikipedia.org/wiki/Lando_Norris,Lando,Norris,1999-11-13,British,mclaren,http://en.wikipedia.org/wiki/McLaren,McLaren,British,2025,19
16,3,0 days 00:01:33.525000,0 days 00:01:32.869000,0 days 00:01:32.807000,leclerc,16,LEC,http://en.wikipedia.org/wiki/Charles_Leclerc,Charles,Leclerc,1997-10-16,Monegasque,ferrari,http://en.wikipedia.org/wiki/Scuderia_Ferrari,Ferrari,Italian,2025,19
63,4,0 days 00:01:33.311000,0 days 00:01:33.058000,0 days 00:01:32.826000,russell,63,RUS,http://en.wikipedia.org/wiki/George_Russell_(racing_driver),George,Russell,1998-02-15,British,mercedes,http://en.wikipedia.org/wiki/Mercedes-Benz_in_Formula_One,Mercedes,German,2025,19
44,5,0 days 00:01:33.685000,0 days 00:01:32.914000,0 days 00:01:32.912000,hamilton,44,HAM,http://en.wikipedia.org/wiki/Lewis_Hamilton,Lewis,Hamilton,1985-01-07,British,ferrari,http://en.wikipedia.org/wiki/Scuderia_Ferrari,Ferrari,Italian,2025,19
81,6,0 days 00:01:33.746000,0 days 00:01:33.228000,0 days 00:01:33.084000,piastri,81,PIA,http://en.wikipedia.org/wiki/Oscar_Piastri,Oscar,Piastri,2001-04-06,Australian,mclaren,http://en.wikipedia.org/wiki/McLaren,McLaren,British,2025,19
12,7,0 days 00:01:33.501000,0 days 00:01:33.044000,0 days 00:01:33.114000,antonelli,12,ANT,https://en.wikipedia.org/wiki/Andrea_Kimi_Antonelli,Andrea Kimi,Antonelli,2006-08-25,Italian,mercedes,http://en.wikipedia.org/wiki/Mercedes-Benz_in_Formula_One,Mercedes,German,2025,19
87,8,0 days 00:01:33.921000,0 days 00:01:33.238000,0 days 00:01:33.139000,bearman,87,BEA,http://en.wikipedia.org/wiki/Oliver_Bearman,Oliver,Bearman,2005-05-08,British,haas,http://en.wikipedia.org/wiki/Haas_F1_Team,Haas F1 Team,American,2025,19
55,9,0 days 00:01:33.739000,0 days 00:01:33.124000,0 days 00:01:33.150000,sainz,55,SAI,http://en.wikipedia.org/wiki/Carlos_Sainz_Jr.,Carlos,Sainz,1994-09-01,Spanish,williams,http://en.wikipedia.org/wiki/Williams_Grand_Prix_Engineering,Williams,British,2025,19
14,10,0 days 00:01:33.741000,0 days 00:01:33.237000,0 days 00:01:33.160000,alonso,14,ALO,http://en.wikipedia.org/wiki/Fernando_Alonso,Fernando,Alonso,1981-07-29,Spanish,aston_martin,http://en.wikipedia.org/wiki/Aston_Martin_in_Formula_One,Aston Martin,British,2025,19
27,11,0 days 00:01:33.551000,0 days 00:01:33.334000,,hulkenberg,27,HUL,http://en.wikipedia.org/wiki/Nico_H%C3%BClkenberg,Nico,Hülkenberg,1987-08-19,German,sauber,http://en.wikipedia.org/wiki/Sauber_Motorsport,Sauber,Swiss,2025,19
30,12,0 days 00:01:33.549000,0 days 00:01:33.360000,,lawson,30,LAW,http://en.wikipedia.org/wiki/Liam_Lawson,Liam,Lawson,2002-02-11,New Zealander,rb,http://en.wikipedia.org/wiki/RB_Formula_One_Team,RB F1 Team,Italian,2025,19
22,13,0 days 00:01:33.935000,0 days 00:01:33.466000,,tsunoda,22,TSU,http://en.wikipedia.org/wiki/Yuki_Tsunoda,Yuki,Tsunoda,2000-05-11,Japanese,red_bull,http://en.wikipedia.org/wiki/Red_Bull_Racing,Red Bull,Austrian,2025,19
10,14,0 days 00:01:33.599000,0 days 00:01:33.651000,,gasly,10,GAS,http://en.wikipedia.org/wiki/Pierre_Gasly,Pierre,Gasly,1996-02-07,French,alpine,http://en.wikipedia.org/wiki/Alpine_F1_Team,Alpine F1 Team,French,2025,19
43,15,0 days 00:01:34.039000,0 days 00:01:34.044000,,colapinto,43,COL,http://en.wikipedia.org/wiki/Franco_Colapinto,Franco,Colapinto,2003-05-27,Argentine,alpine,http://en.wikipedia.org/wiki/Alpine_F1_Team,Alpine F1 Team,French,2025,19
5,16,0 days 00:01:34.125000,,,bortoleto,5,BOR,https://en.wikipedia.org/wiki/Gabriel_Bortoleto,Gabriel,Bortoleto,2004-10-14,Brazilian,sauber,http://en.wikipedia.org/wiki/Sauber_Motorsport,Sauber,Swiss,2025,19
31,17,0 days 00:01:34.136000,,,ocon,31,OCO,http://en.wikipedia.org/wiki/Esteban_Ocon,Esteban,Ocon,1996-09-17,French,haas,http://en.wikipedia.org/wiki/Haas_F1_Team,Haas F1 Team,American,2025,19
18,18,0 days 00:01:34.540000,,,stroll,18,STR,http://en.wikipedia.org/wiki/Lance_Stroll,Lance,Stroll,1998-10-29,Canadian,aston_martin,http://en.wikipedia.org/wiki/Aston_Martin_in_Formula_One,Aston Martin,British,2025,19
23,19,0 days 00:01:34.690000,,,albon,23,ALB,http://en.wikipedia.org/wiki/Alexander_Albon,Alexander,Albon,1996-03-23,Thai,williams,http://en.wikipedia.org/wiki/Williams_Grand_Prix_Engineering,Williams,British,2025,19
6,20,,,,hadjar,6,HAD,https://en.wikipedia.org/wiki/Isack_Hadjar,Isack,Hadjar,2004-09-28,French,rb,http://en.wikipedia.org/wiki/RB_Formula_One_Team,RB F1 Team,Italian,2025,19
